day,p25,p50,p75
0,1.0,1.0,1.0
1,0.9937449746691278,1.0011671077586732,1.0087905010232783
2,0.9904628316245967,1.0029622913246352,1.013780878974712
3,0.9882523428077291,1.0039836465013803,1.0175391909065312
4,0.9883500905464404,1.0057347398845087,1.0202134848093214
5,0.9883669024445112,1.0058803160047884,1.0235243334031134
6,0.987622393954371,1.007411487808819,1.026320421672077
7,0.9863753152780323,1.009054712936785,1.028893445992966
8,0.9860674570532586,1.0113780422836542,1.0311534419835193
9,0.9865658937648261,1.011836219644314,1.0346893695335622
10,0.9858859279674459,1.0124528100211514,1.037076844089643
11,0.9843606094014064,1.013889220706425,1.0392303427321665
12,0.9844670406618646,1.0142914966150667,1.0423951865477115
13,0.9844966722772993,1.0161735961132798,1.0447888404315764
14,0.983537210547887,1.0177821575438462,1.0475805512418874
15,0.9833563463802845,1.0177778189655649,1.0500624078379501
16,0.9831196629874939,1.0190957191683836,1.052115751378457
17,0.9823108068171957,1.020655736774832,1.0543583918840813
18,0.9820905276948375,1.0219324494186133,1.056582410794913
19,0.9834368076818957,1.0235748829050246,1.0589526427415716
20,0.9820111217620784,1.0246316126247779,1.061222217362273
21,0.9811241006334355,1.0246046349751932,1.062566080387567
22,0.9812124867945122,1.0254417185761773,1.0648263816144674
23,0.9812189318723128,1.026677445611066,1.0672887078615783
24,0.9808652228077176,1.0273966036353128,1.0697219300175718
25,0.9815249759433081,1.0284714347707007,1.0724663180120124
26,0.9813063971847739,1.0297970802129615,1.0741003983005932
27,0.9820600801933376,1.0311812842361676,1.0766948142726083
28,0.9815429943223245,1.0325954812092073,1.078667234894716
29,0.9815048995122653,1.033234407202562,1.0805877773617785
30,0.9821163746417098,1.0330331728647684,1.082328495321177
31,0.9813706269395448,1.0344400582559805,1.0861824945968148
32,0.9817887206280034,1.035462903483174,1.0875366475787853
33,0.9818789724745111,1.0360014495953904,1.089527155639814
34,0.983135131283717,1.0360614721672867,1.0905756936442539
35,0.9837486856184307,1.0380720439274933,1.0934605596040299
36,0.9820426848840532,1.0379722231197255,1.0949485904082306
37,0.9827594710215776,1.0397563507293572,1.0971672779921744
38,0.9834325160393651,1.0399589612230589,1.098195600671708
39,0.9826416563181809,1.040778667150002,1.100766937498228
40,0.9832195902234449,1.0425537324364371,1.1024523950417309
41,0.9845839364335753,1.044096229051835,1.1037819839838452
42,0.9844700179265062,1.0435578911347776,1.105996139858836
43,0.9849880807843084,1.0453823875423551,1.1078939217955386
44,0.9849131501364397,1.0467321696131222,1.1094104812858432
45,0.9850512706144441,1.0476858077838862,1.1107520022405093
46,0.9850941217447213,1.047360459217464,1.1125748954293246
47,0.9862799966842742,1.0503693659751112,1.116256656219241
48,0.9870349417266855,1.0510083444920961,1.1172337089595867
49,0.9866005434990822,1.051433945294942,1.1188260301747213
50,0.9868830054506554,1.0532277125897567,1.1217521117764346
51,0.9853920238134355,1.0533651889688715,1.123002120949562
52,0.9868542152235924,1.0554670199184577,1.1243316617371897
53,0.9886450135937357,1.0564522359245907,1.1271518166421854
54,0.9871106228519907,1.0566384977262309,1.1281930011363275
55,0.9879742450983567,1.0578438796585938,1.1295690686528916
56,0.9881419147743292,1.0592327738964178,1.131495452443497
57,0.9888670297832465,1.0599606783601478,1.134811331472005
58,0.9883441698017302,1.0604323239660518,1.136674523256123
59,0.9884603163177081,1.0617078109202072,1.1384022821356852
60,0.9879900086789031,1.0629068682327318,1.139279412192799
61,0.9882511258945516,1.0643670954965025,1.1412299642364254
62,0.9882719906091685,1.0648689095190171,1.1425594639981926
63,0.9890906945845658,1.0646210292224616,1.1444584706393686
64,0.9879568873156646,1.0658919140792866,1.1477102446032588
65,0.9895304789333728,1.0681753556271645,1.1468545163176138
66,0.9878352301569556,1.0686984071032,1.147933215672845
67,0.988511810234275,1.0690431363323054,1.1501710199147297
68,0.9885026717830114,1.0705407814836034,1.1516155488464561
69,0.9892507893177372,1.072217680972969,1.1531417836243303
70,0.9901507715572893,1.0731181823156521,1.1559433534243808
71,0.9897455807606688,1.0735990498864831,1.1575034945038518
72,0.9907237921805578,1.0735704491254947,1.1599259647343692
73,0.9919014855655686,1.0753005486751186,1.1623432309250226
74,0.9924280819655495,1.0761998189881492,1.161056156831037
75,0.9923025004132213,1.0777544409075097,1.1634568721079623
76,0.9922529581276281,1.0789929369527798,1.1662073303044371
77,0.9933515119237741,1.079199368808878,1.1670994102897678
78,0.9943085040613586,1.080287774653564,1.1683985900305007
79,0.994626354244418,1.0819154971758822,1.1727379962348183
80,0.993875323639927,1.0819742792159555,1.1734520790046066
81,0.9933872735345594,1.0838947320672832,1.1769466753787377
82,0.995271752122943,1.0850422976059813,1.1781951160951343
83,0.9960719632176906,1.085541875280064,1.180138108202491
84,0.9961369115747996,1.0866267723964413,1.1810457378910888
85,0.9960268554678384,1.0884501284581694,1.181913780238971
86,0.9960882712563902,1.0897263072094514,1.1843769558344226
87,0.9979851085079325,1.0895444735316069,1.1865071032307388
88,0.9976303739641523,1.0914228672762882,1.1869815176841647
89,0.9986745263397095,1.0929816940447763,1.188159142004696
90,1.0001286410662087,1.0950150227178534,1.1922207892927505
91,0.9999529701841149,1.094320991480859,1.1926919000714626
92,0.9996574458965596,1.0958915097290691,1.194632987898541
93,1.0000075521983622,1.0965962475727395,1.1960314531876275
94,1.0019071586293726,1.0968788816374242,1.1956164143351877
95,1.0023739218616885,1.0977533308070557,1.1988080715577492
96,1.0029224751120696,1.1001102885974545,1.2014989592973733
97,1.0036015556563616,1.101740498601845,1.2021266943745434
98,1.0050469534639568,1.1028058270298522,1.2040227305441786
99,1.0056845479491199,1.1047652643029282,1.2058962460351206
100,1.0039311840169098,1.1045781804009742,1.2077356681422973
101,1.0040194727430334,1.1056338187264705,1.2084278623669877
102,1.0061110620615408,1.10521350459548,1.2117551382945866
103,1.0077664381116436,1.1074935294381976,1.213440747632383
104,1.0071347198316025,1.1083284052163678,1.215007740260416
105,1.0070873584908495,1.1097462328323102,1.214417693926323
106,1.0089405874980164,1.1098988863099748,1.2164725228588147
107,1.0104119447676219,1.110371270140329,1.2182235459676596
108,1.0092002807078801,1.1108859323145635,1.2195780281835773
109,1.009693022307785,1.1131953758042137,1.2207999696829603
110,1.0093677991556678,1.1147349139103544,1.2226010334267232
111,1.0106463133219719,1.1166794637574324,1.2257041562038216
112,1.009027791453428,1.1171057445417596,1.2286090751518166
113,1.0104320572994003,1.1180592982296984,1.2281755992171606
114,1.0121984516397364,1.1202867348023904,1.22962071703652
115,1.0128949876729505,1.1203301929137548,1.2326214334787244
116,1.0141887831189718,1.1212236886950895,1.2353374987384096
117,1.0142303075806685,1.1221689249500644,1.2352396068584237
118,1.0164683243081485,1.123931039996375,1.2377993878545495
119,1.0149514787412162,1.1247618636093082,1.239233785983983
120,1.0156069599156645,1.125012311290272,1.2417342518168852
121,1.0161651540726828,1.1255964442092599,1.243221641019774
122,1.015130220883037,1.126032072732972,1.2458767312240915
123,1.0158445961934617,1.1286577858924978,1.2474264602336211
124,1.0157987128104426,1.1285008123087623,1.249613990073514
125,1.0167167345672092,1.1291883908551492,1.2516502028454919
126,1.016432382072261,1.1304507589360653,1.2536247013598303
127,1.0183860925930412,1.131995911733994,1.2555034554074558
128,1.0187531718002893,1.13416057166717,1.2583112452982246
129,1.020773716019856,1.1339912748372787,1.2606001520465966
130,1.0204541041416686,1.1347053336664081,1.260038642697022
131,1.0213559885429322,1.1347854950095664,1.2609961372074172
132,1.0209194213558046,1.1363077904080003,1.263751038474911
133,1.0226776125577732,1.1386781109989004,1.26814117529995
134,1.0251057709727658,1.1390368459696394,1.2692991125476691
135,1.0234425974625152,1.1397567732233576,1.2702991752741437
136,1.0235914486283038,1.1407964476515515,1.271129883497565
137,1.025336776403523,1.1442404085879851,1.2706171638348922
138,1.0249327998702988,1.1433858547368385,1.2708080610449153
139,1.0244620707966137,1.1461490183125682,1.2744901294925444
140,1.0251536171982296,1.148819415023015,1.2779863135349552
141,1.0257465267573118,1.1494443404195778,1.2787017084063117
142,1.0240092678279378,1.1506474161856115,1.2811664217849166
143,1.025206606973336,1.1513646458933304,1.2824556993589113
144,1.028612848306972,1.1515543939779642,1.2829948601605625
145,1.0299930637379942,1.1520802112115478,1.2878686920070426
146,1.0307302619784386,1.1545867443945292,1.2900009330722328
147,1.0314060047468265,1.155166220607652,1.2903815687329123
148,1.031603008285715,1.1568749738003206,1.294043514226044
149,1.0315978535618142,1.1569470601211682,1.2931928851936958
150,1.03358716509933,1.1577093912727148,1.295869246080529
151,1.0347197555942083,1.15785437668172,1.2951833575302796
152,1.036628577265744,1.160362576219058,1.2973778745062972
153,1.0358274720433538,1.1606477286427626,1.3012795732287556
154,1.036283859848569,1.1633008726189331,1.3014211754276024
155,1.0367433218714135,1.1646802932801834,1.3037695171510348
156,1.0376935023362903,1.16585077981685,1.3051575472588626
157,1.039519613223919,1.167787202050377,1.3070494849359435
158,1.0395529685728704,1.169309775879507,1.3065382252008684
159,1.040528687141132,1.1703300827513672,1.3091783170979154
160,1.0418323607270512,1.1720527736209534,1.3102737812760974
161,1.042192580816712,1.1759425302196918,1.312492325979189
162,1.0435989742248981,1.174912573555876,1.3137997397459045
163,1.0424883744742006,1.1752528758929293,1.3164633043054432
164,1.042914181788615,1.1785082973765593,1.3184797819482994
165,1.0433582340393506,1.180752737445921,1.3207019985179458
166,1.0456945409287008,1.1818777400643063,1.3198137736374322
167,1.0453426665673022,1.1822253587363063,1.3232767451549894
168,1.0456294417604939,1.183003460095557,1.3267836197681286
169,1.04589598752823,1.1819585048893808,1.3288402168669626
170,1.0461822740403421,1.1836693578465547,1.328611735221848
171,1.0455137374672447,1.1837576940750139,1.3307942647991535
172,1.0466623209428838,1.1853818018534619,1.333522917487649
173,1.048197485051253,1.184942004941931,1.3347191265480314
174,1.049044380193834,1.187648766557801,1.3350895986705873
175,1.0509468556600683,1.1879831421398372,1.3387969736253473
176,1.0507589388115657,1.1896357171602143,1.3398854282053925
177,1.0511332571073497,1.1910757590587593,1.3398496891753124
178,1.04768801292019,1.1901435690460433,1.34265036071059
179,1.0514701496530785,1.1902739061704684,1.342235087113145
180,1.051613482078176,1.1918590878882616,1.3470020299943666
181,1.0540472592067902,1.1939578780101303,1.3510338362762908
182,1.053421659684012,1.195217437258731,1.3477372734226283
183,1.0548829076660415,1.194931412093513,1.3531532309739434
184,1.0539530045535574,1.1982577150050355,1.3546176897179716
185,1.0573343066200878,1.1990872127763033,1.3539651710545768
186,1.0564311434747,1.1997365186307465,1.3559545536569027
187,1.0582549077513725,1.2006365148500837,1.357787274467412
188,1.0580300809253298,1.199307138323803,1.360165844963399
189,1.0592812788577068,1.2033954704570704,1.3607576668569923
190,1.0571010005478017,1.2044438662699148,1.365486906509124
191,1.0569347822694937,1.2053725478379484,1.3672566949039573
192,1.0562220517178897,1.2077936757093033,1.371145540230888
193,1.0578476287387313,1.2074197490628809,1.37175730928964
194,1.0587457660244683,1.2089116763930692,1.3733881365172336
195,1.0606802337681096,1.2119901069619303,1.3740953750188252
196,1.0605535226354739,1.2117137349888745,1.3753329194794712
197,1.0599489264574544,1.211038422790765,1.3766982002089765
198,1.0631085652772934,1.2122783134190862,1.3795976895172335
199,1.0640877112150668,1.2116283902484644,1.3818218180190778
200,1.0650256482952587,1.2118384236691306,1.3814525564341238
201,1.0645834717460672,1.2143358712474615,1.3842256575708463
202,1.065988607839635,1.2158606031043542,1.3865390900149017
203,1.0652921222319685,1.2180746620344498,1.3880386173712203
204,1.0676280874782123,1.2192791556889286,1.3901659170832503
205,1.0673327042132592,1.2221452046315915,1.389019967555239
206,1.0693643656623166,1.2233426654010509,1.3899297045520873
207,1.0694828275109318,1.222532522134814,1.3936296739053387
208,1.0717466629312362,1.2245076035143334,1.3957253468169435
209,1.0708794288143078,1.2259561164261348,1.399616895194964
210,1.070536785706699,1.2258774467865252,1.4032362148561586
211,1.0723302534391173,1.2246980127407359,1.404071633167439
212,1.0739774456176325,1.226410083415272,1.4039204229993842
213,1.0742564416730316,1.2279300936560005,1.4048566685314405
214,1.0755088223997817,1.2300811461457133,1.4096310225813182
215,1.0742211905735823,1.2317763595395497,1.4083194242397066
216,1.0761417335443673,1.2340606200858102,1.4093663012565685
217,1.0779778916438674,1.235623073158843,1.4126654519610802
218,1.0773658671499762,1.2376540855233045,1.4118414435508424
219,1.079393431632717,1.2371035619239636,1.415399187268494
220,1.078761469396488,1.2387366166494518,1.41760493128925
221,1.0818277069033697,1.2401483412294303,1.4185232607039482
222,1.083352545611385,1.2421549454539076,1.4198235302651667
223,1.0815138280355558,1.2441514844250072,1.423568654746677
224,1.0833249743101516,1.2453514673674329,1.423654925949149
225,1.0836163949059103,1.2469238017208366,1.4256582763904342
226,1.082232469467985,1.2446269336750584,1.4287832040087367
227,1.0842939172500665,1.246052311551014,1.427643659588779
228,1.0842198322987617,1.2460805816946385,1.433923236270098
229,1.083758473685014,1.2502988279777152,1.435000490079791
230,1.085819747523919,1.2523054713250246,1.4382987143249608
231,1.0837584690806386,1.252129254614378,1.4408412385958933
232,1.0837917963187347,1.2537209600098445,1.4422746416829377
233,1.0863857598307098,1.252909317931586,1.4431130303045705
234,1.0879553533749502,1.2526825704988322,1.4471692402144596
235,1.0881433060567212,1.257048668507695,1.4501492433704852
236,1.0898835403795144,1.2585517058527058,1.4490224956530071
237,1.0918374969125322,1.2594204585151532,1.4509272758241318
238,1.0935718583220644,1.259479917491962,1.4524093692298692
239,1.0933119996356324,1.261068664665951,1.4545127587468945
240,1.09229502518903,1.2617543228891839,1.460324032862857
241,1.0934060136404198,1.2614172310896805,1.4601689621231768
242,1.094202236556627,1.2654977065735848,1.463075437638956
243,1.0931133310972825,1.267369881530081,1.4632274812015762
244,1.0944572561084336,1.26772295388044,1.4638583005009296
245,1.0966253535700985,1.2702480745720908,1.463268252025225
246,1.096944926748731,1.270220269771745,1.4662144528638565
247,1.0981079934338178,1.2696562786001224,1.4660895401545608
248,1.0984638195061884,1.2709076688717122,1.4675160136434413
249,1.0963483882442886,1.2734763251079322,1.472568003334708
250,1.095423844524202,1.2732832980498556,1.4716825245816052
251,1.0995325892072993,1.2750644084360188,1.476484655091023
252,1.0962483109110082,1.2755778567812268,1.4763960555381468
253,1.0995621260650401,1.2762060291020643,1.4778724158883654
254,1.1014826764367924,1.2775444131288465,1.478179761232608
255,1.1018026116704207,1.2791001267755404,1.4830102883521996
256,1.1018930304311838,1.2811144331182454,1.483591803337862
257,1.1047327895311343,1.2823678015096562,1.4862019325121014
258,1.1046605837920578,1.2828540557510486,1.4839260646915184
259,1.1052717075348264,1.2856153761517473,1.4852419691531544
260,1.1073476072370316,1.286465293482865,1.4889032471273809
261,1.1081180460448652,1.2850856500335852,1.4898854347925914
262,1.1074419386182341,1.2886514726797353,1.494514272739783
263,1.1106192157330663,1.2894861566691884,1.496419479327048
264,1.111731125577868,1.2928321911243819,1.4989978440014577
265,1.1125846509361452,1.295067774555001,1.4977284332807397
266,1.1132244841710521,1.2976831523723091,1.4999272770404803
267,1.1127122919653822,1.298828924734353,1.4994582415324407
268,1.114490280943821,1.2998057425040495,1.503590886796134
269,1.115166482620549,1.3005621769365185,1.5054867029702546
270,1.114921005145841,1.301123070992956,1.5055578835496983
271,1.1129650746348554,1.3003630960312291,1.506033736716664
272,1.1152634894920335,1.3019577089233767,1.5078528893126444
273,1.1162809183474192,1.3048725717036234,1.5078996104142017
274,1.117876665697839,1.3076028274842337,1.5114510102113865
275,1.1200089620006322,1.3088614436463795,1.5149299598971548
276,1.118504334422615,1.3113827332705907,1.518481842199612
277,1.1193351647470169,1.3136865320601427,1.517586529457663
278,1.1191493480028043,1.3148471923534082,1.521095882498247
279,1.1175796061171548,1.3146936345755234,1.5210799652997251
280,1.1205882986811737,1.3146869495398836,1.5224754376084297
281,1.1209834687209197,1.3164696371310112,1.526972301988819
282,1.123155806769947,1.3196976208438933,1.524029229677336
283,1.1248451720966708,1.3187760829848552,1.525567651581038
284,1.1254563912756568,1.32014604845838,1.5277294830251806
285,1.126665432589777,1.3190333700889767,1.5323282434018075
286,1.1287585907179416,1.3198708803940582,1.5361308037429589
287,1.1278222240325393,1.3203409150646508,1.5361819989753314
288,1.1297520661639384,1.3207724042819584,1.5374098083216547
289,1.1286815853578647,1.3229163265937505,1.5390754189450704
290,1.1301768260070184,1.3233768414784213,1.544339631277138
291,1.1305445131253622,1.3249385529586828,1.5437658192022958
292,1.1292298467320068,1.3263363253724605,1.5487353187191504
293,1.1315019445691763,1.3288561765582747,1.550482336332623
294,1.1306127706886029,1.3304049798810977,1.548627601016689
295,1.1336416160593141,1.33226578925497,1.5521484154059288
296,1.1366109903922235,1.3324213221823022,1.5537568728876705
297,1.135367167722344,1.3339111807815078,1.5586569390172844
298,1.1365288247738317,1.335220665110493,1.5610516514136097
299,1.1374111728167857,1.3358955133212707,1.5618438198468405
300,1.1358819279469403,1.3382443194758433,1.5638319537551004
301,1.138105790389445,1.338017175755702,1.5646975948272002
302,1.1393377994759253,1.3403246377307554,1.5682529055024528
303,1.1399134572915661,1.3422851636632924,1.5729336748546658
304,1.1405575510010286,1.3435534456616447,1.5790409123547855
305,1.14125750333535,1.3458232205951854,1.5788833056194667
306,1.1417237648222904,1.342776538317189,1.5782727658497624
307,1.1426168866502102,1.3464785006485078,1.5818425801551617
308,1.1465478354044945,1.3441507541543438,1.581892286114396
309,1.1449730932351734,1.346010894657222,1.5831224364569696
310,1.1462385902817094,1.3484889146194652,1.5852213067104906
311,1.1455213673767792,1.3502062679043312,1.5905664085427382
312,1.1446288411139716,1.348921145971392,1.5900227027805374
313,1.14878340655528,1.3507757578020203,1.5915625430266584
314,1.1478394072426061,1.3514910500100394,1.5967093355716906
315,1.1490716725503782,1.3534197257891178,1.6009621969825745
316,1.1490269702995113,1.3535865096277422,1.602068592556907
317,1.1495396213233227,1.3569539426544928,1.6056418816447544
318,1.1495746954519852,1.3565799515090453,1.6043641544077696
319,1.1517479081094868,1.3613262269323254,1.6035525749371478
320,1.1521613377422575,1.3620890566519188,1.6039353542499095
321,1.1528274496728494,1.361859873301875,1.6050633101191119
322,1.1538406143289337,1.3635693471906505,1.604269465494108
323,1.1556329648413564,1.367396653879104,1.605626486029747
324,1.1563154318310884,1.3705061380789028,1.6055977728731705
325,1.155755040629565,1.3705772906135514,1.6130648507399066
326,1.1589988105639053,1.3708847330021041,1.6144046457021541
327,1.1566449665646499,1.3721815936022916,1.617940099997925
328,1.1580676096650044,1.3749201399532316,1.620369930919917
329,1.1607626457186293,1.3764540450070526,1.6235031293785118
330,1.1598839790990758,1.3766745065079706,1.6236681808597233
331,1.1602389470597148,1.378771101786369,1.6224611104258537
332,1.160615501933215,1.3801912882986407,1.6264291743048702
333,1.1600342276265603,1.379227126627611,1.6315111576013852
334,1.160801184638998,1.3818015808508357,1.6284971609398216
335,1.160840999864009,1.3813577247106898,1.629715170113041
336,1.1609494028264684,1.3827579531328678,1.6310877371917045
337,1.1622966523178453,1.3861848144577977,1.6343921768124094
338,1.1644095899058633,1.3848179352709704,1.6344341316118434
339,1.1659150460806724,1.3854832056580648,1.6386844416730353
340,1.166301731529203,1.3886746475278724,1.6420597013213245
341,1.16471911620966,1.3892885987877075,1.645569190125098
342,1.167438714509541,1.3905678218962951,1.6481464630005946
343,1.1683044139824164,1.391121981146286,1.6527132280292967
344,1.16762368401062,1.3930610107985006,1.656880828013674
345,1.171818982410687,1.3925938947384973,1.658054054927952
346,1.1697962231772019,1.394781446833898,1.6558345191141148
347,1.1714339341507747,1.3974721888144293,1.6540001668421387
348,1.1710045718485935,1.3998447384552204,1.6573379524416514
349,1.1733425862827904,1.4016701110421397,1.661830216070982
350,1.17279734016221,1.4013992492906913,1.663521187354576
351,1.1722957776177054,1.4018395292755144,1.6611517871246047
352,1.1739483014633085,1.4023991235085154,1.6687288813378602
353,1.1782025349431358,1.4066076008658737,1.6719163475818823
354,1.1792077723033467,1.4075897051912685,1.672505014938617
355,1.1775235877076367,1.4112029594818907,1.675235519046279
356,1.1790766611319405,1.4126938113214673,1.676778361432529
357,1.1794027624832115,1.4138126754347604,1.679449821775796
358,1.1811837273283563,1.415235428055639,1.683594779782522
359,1.1813208984020354,1.4163053600814435,1.683438400519035
360,1.1822671725179144,1.4179843080861607,1.6836719932146487
361,1.1818864561673297,1.4176794414765976,1.6847953501114328
362,1.1819317877650382,1.4188025998570333,1.6871287194006162
363,1.1849784483005446,1.4221681878710224,1.6896383405435276
364,1.1873000209046192,1.421783362617048,1.6889930822936339
365,1.1880699701071966,1.4223020832247277,1.69208244166571
366,1.1900092506212856,1.4242003578019204,1.6899984489928774
367,1.1920173827667249,1.4224383595731274,1.691897478574638
368,1.1944383659316258,1.4243907591338876,1.6916630386037916
369,1.1952937079460872,1.4252053481658509,1.6944525274373685
370,1.1960656114713637,1.4309324886286292,1.696716910016049
371,1.1977133028789306,1.4332277677352367,1.7042351646551828
372,1.2000216784251037,1.4346778699072202,1.7031710593250116
373,1.2023395784238742,1.436577849160964,1.7066729545068933
374,1.200067512202437,1.4373822878963312,1.7082912714220793
375,1.2009768884250493,1.4381047741170458,1.7074918167763962
376,1.202387436961628,1.4373727002788366,1.706673155864117
377,1.20107958104483,1.4396358915158727,1.7094182599849708
378,1.2032432059571685,1.440252333757361,1.712036300321687
379,1.2057327254121748,1.4408660370741249,1.7164453623155564
380,1.2065239608480178,1.4425226682007055,1.7199390314463419
381,1.206119139177166,1.4426955454426744,1.7245082009929973
382,1.2090172470647895,1.4438900088397841,1.7262870516259534
383,1.208232617316278,1.4465726214814532,1.7270853238224422
384,1.208416242544653,1.446376775719164,1.7284231159795436
385,1.2102330898720741,1.447153848530744,1.7348882544920678
386,1.2109240966292076,1.4496091107208757,1.735920799006465
387,1.2125977512319186,1.4517765029512755,1.737579930602748
388,1.2106605117796798,1.4517847709997882,1.7380972002698116
389,1.2123652369275333,1.4569234107068898,1.7444453268292146
390,1.2120274780086144,1.4564727127241754,1.7450267801252128
391,1.2105118207386236,1.4589367102169375,1.7456645211755935
392,1.2149043732692792,1.4605631729294144,1.7497886895709178
393,1.2148299009965045,1.4610608528118982,1.7538527496247913
394,1.2176457825024571,1.4633903843872225,1.7551561700786316
395,1.2173577073760735,1.4615722257506354,1.75900896969913
396,1.2212490599012005,1.466715041716014,1.7603868395890272
397,1.22025346858003,1.4666924600792304,1.7584508813708684
398,1.2220760319585813,1.468011525913774,1.7596368417485198
399,1.222218814208929,1.4695927949015588,1.7623197489400166
400,1.2229163609270945,1.4715970428493823,1.7664104946296841
401,1.2265773967001996,1.4726178256530882,1.768603270166831
402,1.2260039760719543,1.4744189092413975,1.7722597087039962
403,1.2260925458376946,1.4769119521742051,1.7748410589000503
404,1.2291332600096787,1.4774828828557545,1.7746718379893989
405,1.2295646877114703,1.481691751326214,1.7771948056910323
406,1.2325558206604843,1.4795487407973797,1.7788704429788047
407,1.2333004689998484,1.4849291383717946,1.7828685182570903
408,1.2313698196200502,1.4877255456922358,1.7804411493831795
409,1.2350797271099636,1.4856691965834257,1.7840832998101228
410,1.2354224716908633,1.4861719761774426,1.7861490205359987
411,1.2361562586088355,1.4896890791855153,1.7878405314910777
412,1.2361027651714558,1.4930637100690698,1.790960388324784
413,1.2376001872207167,1.4941210869063126,1.792237597505757
414,1.2397117641897022,1.4969842385495604,1.7943724859974246
415,1.238516754261711,1.498020894332499,1.8000147215302904
416,1.2392224151345055,1.498090067709124,1.798834276772172
417,1.238634731408872,1.4998784236566318,1.802139497444648
418,1.2397475163121636,1.4994433954598003,1.8036645296836284
419,1.2408730573648397,1.5011538291028517,1.8005926158464642
420,1.2422324688928903,1.5028748156571523,1.8057304770630684
421,1.2426711714689807,1.505000588101823,1.8075970601031015
422,1.2413371159022542,1.5069866575735467,1.807391705956239
423,1.2466402175183713,1.5064330358785756,1.8096104993490907
424,1.2463747460835921,1.510449264307459,1.8076097565613278
425,1.2449185623363643,1.5092044724874407,1.8118592820343675
426,1.2468702745781601,1.5125886929152133,1.8076286392230663
427,1.2498404833525165,1.5131528492293853,1.8104771296659423
428,1.2493100498591057,1.5165390859609602,1.8129315109012425
429,1.2503171052919488,1.518849054645536,1.8152602655370282
430,1.2514111646302661,1.5209217159107875,1.8205891701371546
431,1.2511946520021933,1.524297017751751,1.8258100231186798
432,1.2538532185142701,1.5236323338764381,1.8255264847843096
433,1.256708856323958,1.5253874212846656,1.826620081538704
434,1.2532196955874109,1.5261956628617175,1.8311538297507302
435,1.2522928487565919,1.5270076906811179,1.830301705061783
436,1.2545689567397746,1.5280089363419724,1.8337075799952298
437,1.2557199700483441,1.5308386080045238,1.832560873864308
438,1.255508855381854,1.5295118516864852,1.8389558821731966
439,1.2588326285221574,1.529986701095767,1.841955563990128
440,1.2630966111037925,1.5344638718732513,1.8409316871848
441,1.2661775000183157,1.5370629826790119,1.8447302177933322
442,1.2656565472983687,1.5376295879018127,1.8497547302284865
443,1.2635897194368155,1.5391616358466467,1.849944723482084
444,1.2645508629727382,1.5413945131216258,1.851739743443293
445,1.2649836880749983,1.541159774072892,1.8544213833382621
446,1.2655776334884719,1.5426734143561998,1.8535896969905368
447,1.2680217734135886,1.547193860530368,1.858793946895649
448,1.2645772567802431,1.5489306551308384,1.8621749519755015
449,1.2689847243704881,1.5499189265067126,1.8641134722801824
450,1.2691630402470944,1.5517135722846127,1.8662578866359465
451,1.268309821738582,1.55175357307957,1.8687052894266134
452,1.2692082839754684,1.553557337942728,1.8706004562748357
453,1.26781657397344,1.554166939597484,1.8738143041739523
454,1.270485982910185,1.5580920311442374,1.8774218474274815
455,1.2696660261754558,1.5598357701055905,1.8763656507655437
456,1.2718196029249693,1.5620299440890335,1.8797633255154707
457,1.2727701323270133,1.5622587825578935,1.8774656644092782
458,1.275537940556899,1.5612786531587513,1.8811210098315925
459,1.2760862973215334,1.563288244371003,1.8805525633842632
460,1.2774430947233228,1.5638835682262289,1.8860027362001943
461,1.272241452005621,1.5660445119380686,1.886253713117399
462,1.2738936224993218,1.5688146150543463,1.8915368708352802
463,1.2771670239553092,1.572602168686294,1.8951764190713098
464,1.277648304979322,1.5733525018810421,1.8973599676900497
465,1.2790209052076933,1.5752187137138562,1.8954425627038554
466,1.2825367081213743,1.57253374115964,1.9017733989632044
467,1.2833294978074699,1.576005520653109,1.9099828486478716
468,1.2906941501964355,1.5769530459059533,1.909997622355292
469,1.289051956662771,1.5789004315288537,1.9099204524502955
470,1.2910564344962052,1.5786263663996123,1.9137604712450322
471,1.2906045434789504,1.5827101101260659,1.9120739969271114
472,1.2924617089858152,1.580801859750048,1.9094503849869948
473,1.2933178057479675,1.5809701425855953,1.911498580981116
474,1.2959651000245556,1.5844176361008728,1.910630077001666
475,1.2960518518534727,1.5838296525069904,1.9147323337479207
476,1.298224623299296,1.587684736641226,1.9204832025442042
477,1.3010022238001115,1.586895733565356,1.9236646520817686
478,1.2990529453611173,1.5905291548888436,1.9242190737968063
479,1.3007281500056642,1.5895296850766276,1.926982540075795
480,1.29834094514108,1.5915172256372454,1.9294128922967582
481,1.299883181487048,1.5907953582300745,1.933543503879262
482,1.3044049421755601,1.5923649155284183,1.9314567776470983
483,1.305023286282671,1.5920420644985565,1.9364010182604594
484,1.3033318750351262,1.5951302768847047,1.9343186538438104
485,1.303990207260868,1.59416271753057,1.933102346326629
486,1.308967463532476,1.5964274128625058,1.9408919972022072
487,1.3084316076946394,1.5979683561957838,1.942029024290431
488,1.3075575880668608,1.6029809884437718,1.945873987429413
489,1.309225686168069,1.6031210029845757,1.9506613922822327
490,1.3093673682947178,1.6054990075455455,1.9493671824434993
491,1.3095073479342338,1.6044315579982573,1.9509640304196418
492,1.3083830690438298,1.6098604961693699,1.9563597403626125
493,1.309282335076173,1.6104779106288256,1.9567083425763696
494,1.3084896792791343,1.612047194081938,1.956963990198744
495,1.3094169725630764,1.615334716216425,1.9627801658212891
496,1.311295854797513,1.6151538731556947,1.9640765738941117
497,1.3134589189051373,1.6160480279815808,1.970946873197199
498,1.3158462870858334,1.6150035369904325,1.9715858894346934
499,1.3171259263844788,1.6168424599234825,1.9753073049373462
500,1.3157986609785493,1.620318450822964,1.976394831947378
501,1.3153013358444423,1.6204372727065361,1.982555822103907
502,1.318212230893257,1.6232071837009094,1.989135672559151
503,1.3149677528655381,1.624187082368445,1.9886844705389
504,1.3187841663179074,1.6254750539698475,1.992743354290245
505,1.3171125765678757,1.6260434318609653,1.9958584816572826
506,1.3185012354863175,1.6321416190283313,1.999303081841078
507,1.3180034150882454,1.633460490355739,2.0048340205888753
508,1.3219057685115485,1.6358792557370943,2.002288474036563
509,1.3195386704537095,1.6358522956357087,2.009813959833197
510,1.3207427514677574,1.6370789690962564,2.006058920857595
511,1.3214354919200282,1.6397820434375106,2.0074620219948938
512,1.3256618492851828,1.6403070993596995,2.004455243723016
513,1.3255391011040494,1.6423814830362726,2.0060440851847217
514,1.3269177683613562,1.6458113780356718,2.0107952791392347
515,1.3277686735448095,1.643065383349247,2.017140082166678
516,1.3287525189669611,1.6478822470480605,2.0179646190400597
517,1.3297276010422916,1.6515994306321602,2.0186916528999674
518,1.3309934206355658,1.651946498032405,2.02227139184473
519,1.3330661229684342,1.6546973551167807,2.025610505384127
520,1.3343695273507918,1.6556821344104946,2.029455068110601
521,1.3343666126576195,1.6568735926880551,2.0325308816076046
522,1.3371683134158865,1.656936080463462,2.0396464963323426
523,1.3384379500828014,1.6596943823171504,2.039331231692367
524,1.3409860155703575,1.6610704928933018,2.042332804809016
525,1.3398033033299215,1.6646095508184646,2.0401889078564963
526,1.3387033940943265,1.6680623444053095,2.0456959355131676
527,1.3394241121718917,1.6648532471363087,2.0481963314594345
528,1.3421083401550908,1.6671445597410852,2.049255526913669
529,1.3400436171553582,1.6696384154645199,2.0523174472832504
530,1.340609470381012,1.6730812312728554,2.053248194230714
531,1.341979834877017,1.6732642749265918,2.049522293956402
532,1.3444611692851325,1.67195052508113,2.053449954702096
533,1.3470606739434876,1.6750079803837603,2.049433785894365
534,1.3462872849227892,1.6764131510905655,2.06049474311545
535,1.3509336928400908,1.6771737514769058,2.05896812581711
536,1.3492633855066423,1.6833882969774776,2.0621333904707977
537,1.352421203999978,1.6833475132872007,2.0577231042117337
538,1.354476712671847,1.68655831626895,2.064988522038881
539,1.3572896990476095,1.6901566307867824,2.0671647748263933
540,1.359477817480421,1.6907343706972704,2.069544456180276
541,1.3564867929838855,1.688792403874092,2.0685183121830195
542,1.3628055838968671,1.6953376072995345,2.0704269991742863
543,1.361903714910278,1.695364551784145,2.073024953934942
544,1.3608833402227944,1.6953837613671807,2.072325295316948
545,1.362048260012636,1.6953664031138156,2.0811128190539274
546,1.3614216919734958,1.6987332205021195,2.0823053268882594
547,1.3624202612084642,1.6996832308226764,2.088077331777494
548,1.3633444854741972,1.7008668035745764,2.0861016104206653
549,1.3678231247002464,1.70558512214353,2.0842463977761163
550,1.3668735167800525,1.703773696301963,2.092139835993726
551,1.366025121911159,1.708145491117032,2.096646343122026
552,1.3677786709008808,1.709043353447145,2.1002410661422357
553,1.36731649413751,1.7076944433828936,2.100113902738806
554,1.369075538101601,1.7094069649662953,2.105263829738166
555,1.3691115356804098,1.714527530747425,2.103981404812013
556,1.3707135510735813,1.713502246667709,2.11083255901536
557,1.3723717530795183,1.7161485015845797,2.1114081235633377
558,1.373747858291292,1.720437040223767,2.1099079642766623
559,1.371037391111793,1.719533470664488,2.107225053870304
560,1.374601975030071,1.7202095594854838,2.108615281094841
561,1.3749283422780725,1.7231749421873144,2.111912361662939
562,1.3781537879888246,1.7241918310843185,2.11741251167546
563,1.3810528050174455,1.724597512927341,2.118627671816445
564,1.3813431886218486,1.7262619993087196,2.1205212105084863
565,1.383323484877693,1.7321144888631113,2.127737426707353
566,1.384590262793866,1.7314175921423367,2.128039646668783
567,1.3845701896628673,1.7343405336053501,2.128646143735226
568,1.383884182156326,1.7337134953633386,2.1326592493773306
569,1.3863429916363592,1.7342338109871531,2.13473575523984
570,1.3864954574168185,1.738421656093801,2.141166414209868
571,1.3916734257430456,1.744562628294564,2.145563852529121
572,1.3921832410429942,1.7422183842701036,2.149608142558157
573,1.3908299981679269,1.7456249710214442,2.153874936211485
574,1.3932838955022315,1.7451440367953095,2.151617272236522
575,1.393814255297508,1.7429682641965716,2.1582740147121116
576,1.3915914284129658,1.7512728162587932,2.1671945569650135
577,1.3985818055205945,1.7547384863426405,2.169138617387462
578,1.3973021596825717,1.7553256240218795,2.167686792712499
579,1.4011713365729066,1.761254516889859,2.1671088647164414
580,1.4028381665837344,1.76173233077404,2.1734570407980796
581,1.4087654882949205,1.7648909282100815,2.1738356171719273
582,1.4068699057898024,1.763953668979442,2.1798444355647066
583,1.408421586586571,1.766653405349789,2.183275543836457
584,1.409731587538272,1.7679358589811904,2.183974293374034
585,1.4096062065302228,1.7677334940785854,2.1879629603578636
586,1.4112403901080255,1.7678465966784733,2.1895233296451346
587,1.411361165356089,1.7688878391931793,2.195384073695676
588,1.4109420825556303,1.7690064903793346,2.1986705265596616
589,1.4096897478778734,1.7742645522798015,2.2090696440608726
590,1.4105006199306998,1.7757499997076036,2.20835488701729
591,1.4154902726645957,1.7762558384715637,2.2091645868601963
592,1.4123274043004166,1.7792123675266902,2.2083678468400563
593,1.412953237045051,1.7766679755127504,2.21111291033557
594,1.4146781872768652,1.777145891618885,2.2138408594708134
595,1.4133816747470753,1.7798380478861322,2.2179574303044323
596,1.4168624770126552,1.7837124527466726,2.211752679649024
597,1.4183389085546163,1.7850389933715374,2.2181873956273184
598,1.4218595120287505,1.7842287288663696,2.221354284769656
599,1.4240670023718078,1.783063799312178,2.224123203889373
600,1.423600139867827,1.7859613334528812,2.2270934319273663
601,1.4259147677008928,1.7915667218553915,2.2305360437122443
602,1.4252009859211707,1.791828445075308,2.22825430029984
603,1.4244465694474688,1.7921069216444576,2.233588447032803
604,1.4239803034505323,1.7951019501131693,2.238282121675136
605,1.4256277179964914,1.798677761452935,2.24177546985052
606,1.4274695237506703,1.8023221333186088,2.2465375394614506
607,1.4291907292409818,1.8009349986774243,2.2483506346884847
608,1.4306271515527822,1.8046786525171994,2.247052938814558
609,1.4303039969943163,1.8039956928596186,2.244837514462868
610,1.4316391137084725,1.8057911600339518,2.252049933741966
611,1.4316982411386294,1.8068149044733655,2.2552086191419902
612,1.4345302158968432,1.8097147875490258,2.2576276381706397
613,1.4314568152894656,1.8073873082116407,2.256957615476063
614,1.4350988593307752,1.8124136722401993,2.2646577880129057
615,1.4375943756853542,1.8155962478767527,2.267373068083219
616,1.4349462716796229,1.815022722231614,2.2709098280313578
617,1.4315345484047852,1.816106546617719,2.268819372281067
618,1.4321483108031114,1.8178918013272707,2.2741039778374907
619,1.4389153080897719,1.8201763168077363,2.268992054609827
620,1.4396164345633082,1.819125982790037,2.270745788411591
621,1.4415117040322025,1.8154215465808998,2.2739848238905385
622,1.4387746041861702,1.8179740084448133,2.2747017567852166
623,1.4400639578794954,1.822123149221961,2.2797697240490393
624,1.4423698841910164,1.8252710389122444,2.2845439365898246
625,1.4471131709627498,1.8278106304247266,2.2861924645658545
626,1.444438390635044,1.8290788104679916,2.2836819384062017
627,1.44666179124212,1.8271366887935931,2.2914177107170994
628,1.4503774927636974,1.832233364186278,2.2873780768843477
629,1.4514867927627237,1.8337272640121265,2.2936670351536437
630,1.4550837747860819,1.8399331634830565,2.2931753522922342
631,1.4567974791356486,1.840269099539444,2.295801309877165
632,1.4569330867099766,1.8462343710620224,2.296923624865618
633,1.4552334202941197,1.8429873160773793,2.3041079764640364
634,1.458184753363672,1.8431684040829137,2.3063368802424438
635,1.4598677083057428,1.843106185031229,2.3081201919513648
636,1.4595182360462744,1.8458476034941167,2.312451355039872
637,1.4617072773082822,1.8525680706692884,2.3135139574587877
638,1.4634170650852956,1.8563249038068024,2.313359706656649
639,1.463966381225074,1.858654868672304,2.3197662262130763
640,1.4655936400513099,1.8594713006725465,2.3250846559323124
641,1.466199891147952,1.857106210942468,2.32756914215697
642,1.467349360435506,1.8595616526199454,2.329401344507234
643,1.4656303144310265,1.8588829443528556,2.3295310702590055
644,1.4689210269101682,1.8563298281519782,2.3300688562124066
645,1.4697288549040541,1.8605531660768424,2.341371510702668
646,1.4708622444614141,1.8611770760304347,2.340309880812301
647,1.4724752373102066,1.8680972798671127,2.338863969129264
648,1.4762484735061128,1.8678037841426258,2.3399475664857254
649,1.4744627804076087,1.8687028195033926,2.3434717417229884
650,1.4748047751819766,1.8719087026289576,2.342331255919306
651,1.4797036496146576,1.8733881850207466,2.34876481922686
652,1.4769960031544822,1.8772812205302938,2.3548444494678007
653,1.4783786892895805,1.879898741921246,2.3572754139081886
654,1.477673667556823,1.8818004210851837,2.356565545103606
655,1.48307399537522,1.8795812676408354,2.361076265622753
656,1.479924906842481,1.8835141307039325,2.362172646012869
657,1.4808962809019781,1.8874593071118078,2.3650061146377994
658,1.4807825667615222,1.8883573177260646,2.365757330085419
659,1.4824713106802634,1.8864469370961632,2.369552954398063
660,1.4820502842081482,1.889177251954572,2.3725649677613965
661,1.4821628811845253,1.8922705506706547,2.38211665649096
662,1.4867107199151626,1.8950390549640739,2.3797207472324486
663,1.486248832611647,1.8939366145326013,2.3787639852558553
664,1.4874920356070844,1.8990278904481688,2.3842980565814704
665,1.4881281981625802,1.903372567682944,2.3903773441735794
666,1.4911139113446836,1.9054587784216501,2.38859712684292
667,1.4937758637126808,1.9071190366164181,2.3930256712857445
668,1.4988646955545377,1.905526577833263,2.3936300903287977
669,1.5001995105430452,1.9051637555269956,2.392104342734239
670,1.4982559286479127,1.9066150430217585,2.3953036699055086
671,1.495099621533639,1.9088918326116686,2.39648616381055
672,1.5045180868766344,1.9156996046890615,2.396771316413715
673,1.5036588463502987,1.9183260021417157,2.4001176756803
674,1.5024700826387454,1.918198713273061,2.402973164186065
675,1.5021832776264181,1.9211717726452968,2.402418737879529
676,1.5079164164843486,1.9236411048960762,2.4079125840115694
677,1.5076824713839792,1.924454868109228,2.414666401985702
678,1.5099760150676753,1.9250662531028095,2.4133777170845416
679,1.5091950008463186,1.9278727666599145,2.421131452554161
680,1.5108083765671307,1.931752275072311,2.4204433582990923
681,1.513937858392453,1.935740930667988,2.419829346954008
682,1.5123407112792882,1.9352341270228477,2.426257742154717
683,1.5113892162555271,1.9378924050149702,2.4288561653142846
684,1.5148374410365288,1.941797001686302,2.4309278791521165
685,1.518795413565125,1.9432651889079906,2.43643304436579
686,1.5198701692395216,1.942410188756765,2.430973224890953
687,1.5213096647481252,1.9450965669523241,2.444418520038538
688,1.5212132431324144,1.9468848168440451,2.4456763854697696
689,1.526155396294301,1.9444451745197733,2.4469860888409105
690,1.5253300220295893,1.9461125724432762,2.452956428898517
691,1.5300907694860921,1.9488005988386394,2.454353137727748
692,1.52900426927487,1.9515191651809543,2.455008797622423
693,1.528858773473257,1.953009789174954,2.4579729118752858
694,1.5293008665012575,1.955814528512031,2.4548345548258617
695,1.5269428446401205,1.9569126506559744,2.4630028596184994
696,1.5336573452659197,1.9580091075662927,2.468547566988999
697,1.5374550417762434,1.9550575246269775,2.469476605382219
698,1.539730239544953,1.9633423863326067,2.4684165602981327
699,1.5366190070826486,1.965510112856339,2.469279182055561
700,1.5362510726702188,1.9730388959474805,2.4707082138467085
701,1.5351379688173026,1.972571642541105,2.4757415359934294
702,1.5359525773396192,1.9778549655098265,2.483411443273796
703,1.535938182822342,1.9771857648510887,2.485466281250657
704,1.5372589311910418,1.9797449203188011,2.489624101598631
705,1.537314313677024,1.9827351540682905,2.493542495635962
706,1.5439124717414219,1.9801657306818767,2.4968309303866825
707,1.5482294662937657,1.9866513641525048,2.5008253604369513
708,1.5503740709168259,1.989340072135013,2.5002238038226245
709,1.5498511157269848,1.9893775938553835,2.5050276911235763
710,1.5480703648942442,1.9950225871980345,2.514506789676403
711,1.5495824357176922,1.9946134326503693,2.519113075930013
712,1.5491265046727325,1.9896029694058928,2.5145843182539838
713,1.5567060457819317,1.994807067307021,2.520605965340261
714,1.5547710851320007,1.994709979006883,2.5246028963056837
715,1.5596056423426807,1.9947585267739858,2.5232063216548406
716,1.5604340160079033,1.9970952877955885,2.5331888127531608
717,1.5620533370226992,1.9951943469323221,2.528208199295525
718,1.564443762790443,2.0013447204451715,2.52902856401537
719,1.5666039832134029,2.002497401064841,2.5310886241797106
720,1.568854145300832,1.999806656584369,2.5305616974469087
721,1.5681612731204249,2.007689719840954,2.5388542557852323
722,1.5723862709512786,2.0098350658778665,2.539108055649778
723,1.5733183924166814,2.015519393213257,2.5386979406672454
724,1.5782294526636569,2.016192125429143,2.5406529855109374
725,1.5745750350416734,2.0164073379560623,2.5467330221662916
726,1.5752760309823701,2.0169094009420387,2.553182060027359
727,1.5749624490966716,2.019209430319875,2.551660611213739
728,1.577084243202628,2.0210810123551495,2.558343956837272
729,1.5774808705846777,2.0246227898579328,2.554734975153762
730,1.5797081778826192,2.027013899312478,2.5645603089977427
731,1.5816234971313854,2.02650624603268,2.560998420480544
732,1.5848869162922803,2.029413420362779,2.5667232123852433
733,1.5846603645017294,2.0244435233344733,2.567473714024996
734,1.589310800121515,2.0286305936963496,2.5692176296313267
735,1.5928552289425348,2.030791555771437,2.57039724499174
736,1.5930860740694324,2.037929151315679,2.5775330493900395
737,1.593928105720157,2.0456388578465123,2.5837468665845718
738,1.5942888749058646,2.0474671080586124,2.5889399772984323
739,1.5943865033810891,2.0508953452684566,2.5881078566348235
740,1.5979859222086616,2.050711866860767,2.5845720488027903
741,1.5952145619539717,2.0527105803499026,2.5834155911956436
742,1.6006011451768871,2.049615909032664,2.594961140352637
743,1.6012941557573666,2.0498915852277224,2.589246005612465
744,1.5964633373915014,2.050689221263067,2.5990452598138987
745,1.596217310399259,2.056245980287157,2.6026801628515357
746,1.599007782731287,2.058213563275122,2.607000507168755
747,1.606938861900507,2.057448803980389,2.6104756395787576
748,1.6066079148250303,2.0539977337829516,2.6097717258072435
749,1.604909012709609,2.0594481085182634,2.613165365831401
750,1.606801194139186,2.0627733868240474,2.615796832802827
751,1.609172519498677,2.0606597612474618,2.6228746138399806
752,1.6126638744427608,2.067567366604033,2.62465321630347
753,1.6098565411433623,2.066369782667143,2.6325373804542185
754,1.6113366060259113,2.0664800997354673,2.6315902977849452
755,1.611681562311892,2.0622457261853047,2.6360150749197
756,1.6166326021213406,2.067807935224443,2.638091173749948
757,1.6188440332328982,2.0678303357917773,2.6381572855091906
758,1.618460131590185,2.0719612889051886,2.643503957909341
759,1.61882813136214,2.072221769604223,2.642937001593607
760,1.6220670652352545,2.0730726985600487,2.644040151484611
761,1.6251369670419085,2.0747688710698773,2.6450617698837338
762,1.621968217873453,2.0791411880123976,2.6483862721306677
763,1.6245529301180621,2.087037559234571,2.6554673050895787
764,1.6283069527979999,2.0861123866873523,2.6648143254420718
765,1.6267899737397031,2.087602222672485,2.6612468269407668
766,1.625548153194658,2.087413348612408,2.6629823982092367
767,1.6286968049468227,2.0935128344065452,2.6676967646316254
768,1.6325282173842095,2.0961342857511194,2.6726516554197737
769,1.6322544392679714,2.0985129664444395,2.677488068700864
770,1.6333248339254234,2.0990602032334533,2.6839102017435574
771,1.6322467240196699,2.101805333344454,2.685482122345671
772,1.6348258791551786,2.100608045013694,2.6935444108523763
773,1.6326942175196526,2.104903217132563,2.6948280465777397
774,1.634815627798975,2.1044579157851846,2.6936096575671624
775,1.637812929856239,2.1051724943921117,2.6982027276856653
776,1.6399887022276831,2.1087310050887966,2.7000837728197262
777,1.6447832872083699,2.11174777522113,2.7015548496536397
778,1.6390296540299985,2.1142202804138845,2.7062850885803345
779,1.6451006872745493,2.1150876976968034,2.704880582858709
780,1.6459646372527508,2.114790886581109,2.704071063973765
781,1.6515575438967847,2.120762521153175,2.711784154258436
782,1.6509813184422637,2.1206135647137874,2.708517976056704
783,1.6534757790487884,2.123247993214603,2.7161473518040133
784,1.6533892453247314,2.1308897492775163,2.709057128582767
785,1.6578150254452166,2.1293724968811585,2.7163045635053304
786,1.6576855209091739,2.1353983680258493,2.7239122772711313
787,1.6614237372588136,2.143136103063804,2.7263843938321393
788,1.6573320519429862,2.134721018509773,2.727096531387024
789,1.6603765103785992,2.1403483514179307,2.72984582188729
790,1.6585970007170125,2.1469069443680633,2.7347203927835704
791,1.6585706473772337,2.143060793428204,2.745040354285973
792,1.6636983754573624,2.146702564143652,2.7411602274870854
793,1.6660045865868855,2.1467912853505773,2.7476348363260406
794,1.6677574797420522,2.1436390311804834,2.7414486573468717
795,1.6658307480478105,2.150266409741394,2.749135421157278
796,1.6627207103007304,2.1518060746078067,2.7509122494335845
797,1.6644992889926318,2.1552702758999427,2.7538144207431983
798,1.669532906337686,2.153762711798028,2.7566848679555185
799,1.6693200403806794,2.158011881116857,2.7540327999538547
800,1.6716878670843736,2.1607659785529867,2.7606112765768946
801,1.6691050440451058,2.163855358527428,2.769227999323184
802,1.6712616560422897,2.1626621456686483,2.771724835508689
803,1.6714614453683887,2.166201772911845,2.7757369019215297
804,1.676498141582996,2.165078742232793,2.7838824314833905
805,1.677317071696661,2.173277115527826,2.784941090973985
806,1.6797859775924444,2.173973248040581,2.789106119849013
807,1.6810262195114367,2.1760922166485708,2.7956946220569674
808,1.6831670366051596,2.181260270398174,2.797803990614277
809,1.686625152775326,2.1792533357419677,2.798838631933096
810,1.6894956549113176,2.185171348158443,2.799284436588012
811,1.6909429860558993,2.186982263738194,2.804236467526617
812,1.6899001992907885,2.1899256459028367,2.814419427209458
813,1.6932380860749787,2.194070421489686,2.8101757635574627
814,1.6961486449429297,2.195315365671329,2.8152165340636706
815,1.6936017685806177,2.1963348237881535,2.8211950083631114
816,1.69635852643505,2.198389791749828,2.820531239557253
817,1.6956907650779796,2.2049896132154885,2.8295155980878737
818,1.6979770640534682,2.2099187536621296,2.8315301829162545
819,1.6961445568472882,2.206638884305871,2.8305111683206183
820,1.6979426655562144,2.2079674989311124,2.8356583712122605
821,1.7011081100692553,2.211034767700164,2.8338041011693686
822,1.7012973255779664,2.212063533342873,2.8403231961355466
823,1.699802570218934,2.2125545553302404,2.8383200265117656
824,1.700550229383878,2.2144160210201718,2.8458265697150775
825,1.704988403929312,2.2144024965480273,2.850285426047789
826,1.7072182154743976,2.220531355750303,2.8491348015343636
827,1.7063930829393668,2.219471155851008,2.851265644601574
828,1.70587519993146,2.223688672371453,2.852918743273886
829,1.7111016336098759,2.2241751578124083,2.8526245712333504
830,1.7144593195607332,2.2261056128709322,2.862647881187847
831,1.7129461197156393,2.225849231837658,2.863288505999102
832,1.711579586788415,2.2271978338683853,2.8620335014142912
833,1.7124769031979374,2.23033724090211,2.8675734373535255
834,1.7195678139382733,2.2332206864372015,2.8699154544827064
835,1.7169843312614395,2.231719063294042,2.875711155737818
836,1.7180095798621906,2.239609484652415,2.8812869351018424
837,1.71890659045365,2.2363515776357126,2.8814979883355605
838,1.7196158853724164,2.2435959731325132,2.889697123945181
839,1.7184072679945093,2.2414918879839405,2.8835311843986644
840,1.7223189303181918,2.2501472276133994,2.88917680972063
841,1.7196300167731504,2.2500207068126685,2.8864961959666844
842,1.7257508498957426,2.253796227649372,2.8876266160665107
843,1.7292158689361665,2.251342947473996,2.890697607649808
844,1.7307811360707364,2.2567115313069617,2.897566236335489
845,1.7307208882905594,2.2603747621108536,2.9048064297010123
846,1.7286135276315897,2.26232293800708,2.91055255944616
847,1.732803050131369,2.2651247669548296,2.9048479390534805
848,1.7344348984588214,2.2649355100808073,2.913346117073053
849,1.7380952848393998,2.265744981570024,2.9105993205461402
850,1.7407479906486452,2.2708173337394166,2.91726838481505
851,1.7431189980633435,2.271870250277416,2.9220140660922524
852,1.7405998396562685,2.273002010739141,2.9300855452066803
853,1.7378502476745077,2.270621992419537,2.928825686984145
854,1.7348685314496182,2.2738973125826143,2.9346149809867885
855,1.7383744730628217,2.2789978527221537,2.9440808647326957
856,1.7444217234335047,2.2786400890578147,2.9440319381618663
857,1.7432220712987545,2.2816658928250595,2.942745437807996
858,1.7422867343108033,2.282504772887865,2.9424974263913426
859,1.7436787598560832,2.2873750891425955,2.9567313787715546
860,1.7446264868639427,2.2833347508835065,2.9595269539222633
861,1.7500624882707638,2.287067091560121,2.9620476595585976
862,1.749577945623611,2.292265406212645,2.967044375114728
863,1.7562591480348582,2.295108219162105,2.9688078499974986
864,1.7573731132123391,2.2951224117291176,2.9787498587090386
865,1.7593534738584147,2.2964451547431706,2.9857060185083135
866,1.7572848887742754,2.3022119835046655,2.9897298195545563
867,1.7541178434449127,2.297146764461057,2.9833421251493455
868,1.7602675941769013,2.303204034791124,2.992339092632431
869,1.762868554767145,2.302740856036679,2.99404208887948
870,1.7658919541048008,2.3023906241005294,2.989282721467238
871,1.7637415122530862,2.310025965709647,2.990733954772595
872,1.7686424716627478,2.3103419184903684,2.991566610177391
873,1.765329413019189,2.3116385092695637,2.9950592582058375
874,1.7654714189533598,2.3153721677777126,3.0015647504830163
875,1.7711570569069286,2.318324812222416,3.008715339133661
876,1.7716791263141507,2.314344341396514,3.0252851972184835
877,1.7724362511090301,2.320363706772098,3.0181974715671513
878,1.774350903779538,2.3236336757342375,3.016010556358861
879,1.7746013793420092,2.3230950402065584,3.0161111277548813
880,1.7762570297263887,2.3263857247450552,3.01282550157901
881,1.7773317376346314,2.3355574702023914,3.015051708124872
882,1.7780185679192775,2.330473608330236,3.0197271303168143
883,1.7785215805161383,2.3400487781232546,3.0155239539654013
884,1.782356384990306,2.3403211423575634,3.0277454711975
885,1.778909498633548,2.345133722065224,3.030746424397716
886,1.7795586801125354,2.344280086717024,3.0352401508899525
887,1.7835431791629202,2.3438821420960196,3.041439383671168
888,1.7889422610731098,2.350839186965033,3.0419074817901706
889,1.7949205930589884,2.3538676756682957,3.0450693484708804
890,1.7967123416013444,2.3537737607691716,3.0470568761907857
891,1.7980217130801617,2.3571201929394894,3.0536648745583577
892,1.792139836958742,2.3582630614715567,3.0595889618401233
893,1.8002235795310721,2.360979427954298,3.0582324047245097
894,1.7985826841367218,2.368114998541043,3.0616694882703657
895,1.8055037529646518,2.3656385572229137,3.069984317360514
896,1.808967145353293,2.373203722921892,3.063177245373583
897,1.8072293487147477,2.3734780834337044,3.0688356597324478
898,1.8091803137291125,2.3747748668038495,3.084707406762202
899,1.8109529794289099,2.382842014901226,3.082979833277146
900,1.812005911160436,2.381974201649725,3.088934146039211
901,1.8121817868736676,2.3829503410941792,3.0922080482832954
902,1.8131067199591333,2.389413049914459,3.1003656897103813
903,1.8147174365218148,2.382813139765468,3.101839463190009
904,1.819619561244164,2.3901927522028084,3.1049760489205265
905,1.8213514108618847,2.3871913473581143,3.1116901416862723
906,1.8221797474665289,2.394269448021319,3.114688505457696
907,1.8237763378716796,2.3919498382352167,3.114295895048804
908,1.8250251483899504,2.401275613135265,3.11493866110736
909,1.8297283223651069,2.3996258785287736,3.1192541717218245
910,1.8285728146610094,2.3973782262074197,3.12461864606848
911,1.8232565598954558,2.3981729060264305,3.132279623503133
912,1.826742664778337,2.404494459746339,3.138580575350944
913,1.828551005331446,2.4025429898027673,3.1440994788810794
914,1.831447470882522,2.4101446200718053,3.1428227281217445
915,1.8333806972098048,2.407202869599407,3.151040444500964
916,1.8338047100226937,2.4085711587783107,3.1565681607428524
917,1.839507910999143,2.4102303530697538,3.1621338659253606
918,1.8418275428479207,2.4169805197453718,3.1675656465595297
919,1.8428767498560241,2.4155937400405945,3.1741614909357527
920,1.8383227011674224,2.416160340318122,3.168624455551372
921,1.8354777337027708,2.4273740626882647,3.1788761854907523
922,1.8397240488426314,2.428870169647248,3.1811160521001867
923,1.842301773355655,2.431801615630031,3.1788083856987326
924,1.8474153374439441,2.4317331235322484,3.179707513969301
925,1.8502063172369412,2.4337543880131625,3.1806466145127885
926,1.8467689476850644,2.435909807435669,3.184749091508114
927,1.8446358356954846,2.438390929735295,3.191807148766653
928,1.8480350206810527,2.4390288943783553,3.193145073779868
929,1.847614635783448,2.4377464356838074,3.1994941949151223
930,1.8499702647175484,2.4389101208856205,3.1991089734498335
931,1.8508574194758771,2.4434584652417777,3.200565572135053
932,1.858274927327629,2.448424902747566,3.198237351595344
933,1.8621258052776712,2.449682048758863,3.2135361062476036
934,1.8653749841478036,2.4463330687176437,3.2113973497670836
935,1.8597946165295443,2.453003672126221,3.2069308560796923
936,1.865009138676559,2.458154461577582,3.2222148589942745
937,1.8621288211312632,2.457226124251041,3.222375439117496
938,1.866685067681201,2.464089753107861,3.233318964680502
939,1.8692438117167338,2.465779114408786,3.235805651745209
940,1.865980401929418,2.467042564638265,3.2402214720481965
941,1.8664695425074784,2.464558100101505,3.2497686252999802
942,1.8645778153892387,2.4684068141185156,3.2462588773337417
943,1.8663424671667523,2.473076899952324,3.250034169292297
944,1.8650957251657652,2.4742668359829407,3.2492586713745997
945,1.861994438259918,2.4800606083360406,3.2564344335645297
946,1.8670525825555666,2.4823959275399465,3.262097687568753
947,1.8691884967107188,2.485205211012289,3.264381732115273
948,1.8671283841950208,2.488792852687885,3.2687330499048337
949,1.872007583491893,2.4891306572385306,3.279338290583773
950,1.873609208570947,2.4934372927080704,3.2737623010058714
951,1.8802209128603986,2.491262570890968,3.280871581237378
952,1.8802215511011702,2.4933719741314304,3.279056782098926
953,1.88672245915894,2.4977808304488027,3.2863873375467425
954,1.8882724107215771,2.5011440239564973,3.278729159009512
955,1.8932761799549342,2.503233890065103,3.279468595622294
956,1.8914006847476523,2.498991658701328,3.2844450505036935
957,1.8882321557610728,2.5065865639332827,3.2987902073582878
958,1.8906751357216809,2.5082069414048407,3.307863727571961
959,1.8898164864189113,2.511469621843493,3.2954904273815413
960,1.8853113495817664,2.511302599242283,3.3017458476639527
961,1.8875972788622677,2.5120354880474496,3.2984305349439804
962,1.8931760465757626,2.515392773380703,3.308568535487243
963,1.8936351909899602,2.5229064236650944,3.315081305836217
964,1.8977742828803075,2.522614821969599,3.318830699714956
965,1.9034328208096267,2.5313242650760124,3.3229861698820815
966,1.901438524517896,2.5279963131740324,3.3251862000321073
967,1.902669670143386,2.5296687797498096,3.3315563004102073
968,1.9048985070950357,2.531093560360989,3.337633016311955
969,1.9060881724370515,2.536730644211553,3.338489041887012
970,1.9053151521120009,2.542380525483771,3.3475817041518505
971,1.9043373956675753,2.533824143882956,3.345057000651576
972,1.9034365711056258,2.5357888610613264,3.3481584512512823
973,1.9075480157731548,2.539188133024852,3.3558082474550766
974,1.9045239353220755,2.543322286369426,3.3604286004017174
975,1.9064388067502502,2.5440910003371275,3.3620465301812223
976,1.9085032343344224,2.552545438205202,3.3682113711619723
977,1.9056446170914954,2.5533661219655412,3.3672649380284354
978,1.9056448613074917,2.5551324736844028,3.3699733598592863
979,1.9068614395510963,2.5595358272961857,3.3680164544649434
980,1.9131762128009442,2.5614237752678854,3.3682940451137564
981,1.9081476302148501,2.5626231732448694,3.3749899761897977
982,1.9174758769854916,2.5666388194292074,3.376865964115377
983,1.923623578318924,2.570739832337239,3.38134537989551
984,1.9145796657607552,2.576901013522128,3.390059644692644
985,1.9185943886039964,2.578180951477189,3.402221520129559
986,1.924656245849247,2.583063786323644,3.4026987164395326
987,1.9204321001807345,2.5815894228408593,3.404597147724266
988,1.9190755378868454,2.5816365951062012,3.401632465760307
989,1.9273156083017913,2.5894904733788815,3.411370945954026
990,1.9266366553979886,2.5940377843450984,3.40831420047518
991,1.931863958310284,2.590313918766941,3.419542099042558
992,1.9330679376226505,2.595884208711139,3.4184657798076197
993,1.9358831510207086,2.595401733600542,3.4204135317749476
994,1.9347973674292949,2.5902995871141754,3.431597875349199
995,1.932309039944437,2.601626137302997,3.442541618132938
996,1.9373150132646564,2.602587841723423,3.4447666234335026
997,1.9359277343134067,2.602747409956244,3.4439228892782747
998,1.9360806759530933,2.6021173386029304,3.443634903808488
999,1.9376673602757748,2.6078181289787543,3.4514608726116798
1000,1.9428397331176666,2.6124282077430205,3.4574588872767165
1001,1.944487795727394,2.6113043940209515,3.4597274711648103
1002,1.9476539499098493,2.6136541130656257,3.4651263713718166
1003,1.9523407153073462,2.6145690586478594,3.476895823261473
1004,1.9530719717223928,2.6178919029273646,3.4811047808635345
1005,1.9565490651782116,2.626610536420758,3.477927420755108
1006,1.953676061666809,2.619761422733475,3.481049379576493
1007,1.9604287829390379,2.6260391547305337,3.4779884133858783
1008,1.9615384338105306,2.6297651795849495,3.4873142257639285
1009,1.9593373427615899,2.634230440813288,3.4806354820945273
1010,1.9619360471613856,2.634697639505661,3.484883905814275
1011,1.960219144561493,2.6321074885353615,3.4936936501844147
1012,1.9675971870496198,2.6345073267284196,3.499077599545208
1013,1.971720927700071,2.643131086767944,3.5149166266111616
1014,1.9684865956120194,2.639793609429822,3.505840917189923
1015,1.968258265847076,2.645799444277323,3.5166409848991345
1016,1.9733413890845182,2.6388104491648656,3.5204532543762004
1017,1.9767637528736315,2.6488112241950574,3.519667455126396
1018,1.97632190152687,2.647438058726837,3.5177979723601966
1019,1.9808858546804573,2.64817204482224,3.5230358332358196
1020,1.9789322016176352,2.6506760014253805,3.522483722360087
1021,1.9787537114899605,2.65918646873077,3.537588680617684
1022,1.9811941849356267,2.653844014783486,3.5366205661581205
1023,1.978705561892851,2.6661389929191897,3.5349530041194717
1024,1.9793911141108411,2.66282570580669,3.536467558105312
1025,1.9812459720752473,2.6745267779681714,3.5452245225698276
1026,1.9813285010765056,2.6718488219027527,3.5484039985030003
1027,1.9809301685045335,2.6711866404868676,3.556914878954044
1028,1.984610331600716,2.66938419139943,3.5558488138596944
1029,1.982106740297973,2.673172244818771,3.5649475274465567
1030,1.984153576294144,2.6807358551101705,3.5703132633197683
1031,1.9898505862754667,2.681329312868499,3.5705229611744396
1032,1.9956763370415973,2.6823894654278373,3.582784457587149
1033,2.00007748788088,2.6860076597726206,3.5764783180736366
1034,2.003321000757879,2.6940941738487716,3.582505159585051
1035,2.001555158798838,2.6885882944174346,3.576288317660285
1036,2.0008930504717273,2.691828828140105,3.5911165017774187
1037,2.0037751812337063,2.6994557720241863,3.5935784019141304
1038,2.0055406242614855,2.7049097847717425,3.600968664316465
1039,2.0025901949194953,2.7046505527589124,3.603813717690525
1040,2.0060167839457126,2.7119669259352115,3.6038349160062655
1041,2.013020403692087,2.7122253887032377,3.6158418247807127
1042,2.015157060834109,2.7091833786768387,3.615497397735795
1043,2.0128064599833797,2.714165543469066,3.6276048086741524
1044,2.021265593122343,2.7144830174151404,3.6225620069872466
1045,2.021934568634104,2.7147680625319492,3.6414448466459866
1046,2.020756912512887,2.710761734621712,3.6433915813770965
1047,2.0305068876413155,2.71461958297298,3.6387205030427934
1048,2.0298957657034284,2.7230496353119436,3.639758808198524
1049,2.0342475252902315,2.7234930143918783,3.6421241540338714
1050,2.0363447813815654,2.7304171421805874,3.661692832573188
1051,2.0386816708589093,2.7290698580276795,3.6668745487827397
1052,2.035114013769622,2.7328598450748878,3.679428195456041
1053,2.0354783760983803,2.7372772880779275,3.675424418862841
1054,2.0369371280904307,2.7341234596477673,3.675914307526512
1055,2.0380331816478288,2.737647813420696,3.685601567299178
1056,2.039492554573978,2.745469641094273,3.6938594043466826
1057,2.0363350963252285,2.750544519674823,3.6921378235398965
1058,2.0441327814442265,2.7544096628141808,3.6880752639976304
1059,2.0434226988850845,2.755873694384799,3.6988915457858997
1060,2.0478965265304163,2.762464385464363,3.7032261081377955
1061,2.054813306676283,2.764787572660379,3.699456671356575
1062,2.0509766331530344,2.761808622541901,3.7058620536843683
1063,2.0498789014988335,2.7639123639795997,3.70928507573361
1064,2.0499194915839594,2.7704733767166028,3.7175488627430653
1065,2.0527309499273616,2.7692138111488704,3.7106918843865024
1066,2.0554708689786616,2.7713109769146036,3.7172324384179163
1067,2.0620626837605274,2.7707889520065727,3.723940736522143
1068,2.0572084635348045,2.772288443813599,3.72823821242053
1069,2.0566992400710324,2.77942180070905,3.726812491635106
1070,2.0579487805057792,2.7811987156232147,3.727833719485546
1071,2.065024643097491,2.789239351317045,3.749392066865484
1072,2.070911340068201,2.787368470950529,3.7342202939996456
1073,2.068899002878337,2.78972958411721,3.745605298543927
1074,2.073113993190792,2.791819210278109,3.7488163576444413
1075,2.0737744944784424,2.793750654738664,3.7570490053415893
1076,2.0767295602408544,2.7984033660974847,3.7529487114668596
1077,2.0742711398098117,2.803945627096186,3.7557357596638496
1078,2.070691931605201,2.8012860370189765,3.765854581199311
1079,2.0752238796630054,2.8020646010931163,3.770862229662227
1080,2.078476536259113,2.8014929515645934,3.780885931270936
1081,2.079170845213286,2.7999224809657792,3.7915845572262166
1082,2.077105276447257,2.8074057818802203,3.7906233189054426
1083,2.0760043800185466,2.813052137869316,3.797725159313032
1084,2.0774536279068845,2.815470229972162,3.8004922361782825
1085,2.083596638026077,2.8136264279625696,3.8098337644826117
1086,2.0873358909881734,2.8125525518313275,3.807417056999465
1087,2.0892593753917006,2.8214999499501,3.811293225184766
1088,2.094782447940712,2.826068272158575,3.83183650408904
1089,2.096918515830576,2.830530742246994,3.822548583963186
1090,2.0982695892068715,2.831042121620376,3.8157817952278705
1091,2.095765281477871,2.831259450552455,3.8220754467156635
1092,2.0950708026365983,2.831461396223493,3.829922253489052
1093,2.1012730609672077,2.834336670043548,3.8415167831805084
1094,2.1018782853535303,2.837364987591808,3.838234796706427
1095,2.104450303433535,2.8426760501710833,3.853365337447647
1096,2.109707454939201,2.849969603432328,3.857541733627147
1097,2.108156970298946,2.851430142980494,3.868270245453911
1098,2.1074090827406966,2.854379562399572,3.8655437854946424
1099,2.112531762090505,2.85628187884536,3.861867120448757
1100,2.110340743431344,2.8603988690140083,3.869990272622813
1101,2.115831975980984,2.8638965188673042,3.8766417741061505
1102,2.110082183391342,2.859622528931968,3.8692495784067003
1103,2.1110101846455116,2.874917784151195,3.874530606317167
1104,2.1088690892250606,2.88411898526708,3.8817319429063524
1105,2.118010334102409,2.8856645328899364,3.8779719467780325
1106,2.119935509827494,2.8823847761814454,3.8828462871868066
1107,2.1265557023727597,2.887564371219095,3.8865029462946037
1108,2.1269593902592137,2.8883208792633335,3.89257654819236
1109,2.129151952667985,2.8945244748337955,3.9033278837221266
1110,2.125301271761783,2.8949686682513653,3.9016130892800254
1111,2.129200857926251,2.8946651245166697,3.90796401395565
1112,2.1299070348788782,2.8969374622389172,3.902627097000727
1113,2.1259060393142675,2.899460060844363,3.91119803605544
1114,2.1298775416282014,2.907254424579967,3.91980059784159
1115,2.136361678884572,2.9127751067236183,3.9251381797679032
1116,2.1346855934763664,2.9130473046613035,3.926202428359496
1117,2.1354839519877418,2.9118729964786567,3.929882280116901
1118,2.132913586612676,2.9211955614100686,3.933101548182551
1119,2.1378106473087364,2.9168083217022795,3.934367234208017
1120,2.136935014191209,2.926094396148919,3.94293113289441
1121,2.1407907519757288,2.929609695112554,3.9600127358595723
1122,2.1365565630612626,2.929933800718775,3.973882279630087
1123,2.1340768491102384,2.9322623136637826,3.9665538185984883
1124,2.1428750490162387,2.9279173799917677,3.9638993509863765
1125,2.143430831730126,2.927737230862326,3.9651433253702466
1126,2.14472339593383,2.930937097017358,3.968958928312584
1127,2.146468543279384,2.9365624926477785,3.9739773974750703
1128,2.150046313326095,2.940570665755388,3.9908559517804765
1129,2.159534805845963,2.948876408459423,3.984604536665837
1130,2.1580686247698297,2.9556283363654616,3.9956557371238657
1131,2.1588681278430264,2.9466828571004235,3.9987752045240894
1132,2.1583238448171587,2.9519289617447533,3.9979522635993066
1133,2.163124533190969,2.9558882996608387,4.00660695504615
1134,2.164170618672636,2.9532576385678233,4.015546809622058
1135,2.163245950294824,2.9567190345900514,4.018925566788833
1136,2.161597413581769,2.9604020823617168,4.018106769729416
1137,2.1692057627920924,2.9636765270330514,4.025412484473568
1138,2.168565722218017,2.959744310334822,4.027483023471671
1139,2.17607392050855,2.9609609558337926,4.03912785690462
1140,2.175969091379119,2.9696429185879136,4.041861718115521
1141,2.1744751620288327,2.974896766591038,4.044076207997433
1142,2.177872198998783,2.9729682491169758,4.053576699664408
1143,2.1779016957804918,2.980324500347578,4.037250601364294
1144,2.177014051074213,2.9835453747883074,4.052063704547436
1145,2.17748072114857,2.9789532776139382,4.058939664811719
1146,2.1819637949217636,2.9814989137253853,4.063631253015305
1147,2.1860659386683507,2.987488946063986,4.057325298287708
1148,2.1875778079489683,2.9911478346759814,4.067020797112504
1149,2.1941293204971926,2.9905095051349355,4.060411074785927
1150,2.192316864153903,2.9922771386169833,4.06259738520881
1151,2.1970923852652016,2.9938957807442197,4.078453589624353
1152,2.192584259213318,2.9980415325827785,4.074528950783653
1153,2.1973904591765496,2.99481743332855,4.081225523429654
1154,2.1997984685626353,2.9990506499350174,4.087121289321947
1155,2.203321988969412,3.0047980624689785,4.086476269606326
1156,2.2040458567621033,3.0084278872299306,4.081320945290704
1157,2.2035490611202695,3.0183054423570495,4.101798953938626
1158,2.203301496855534,3.0251519036619925,4.1058112006086835
1159,2.207980704784095,3.021937940385145,4.110819904705903
1160,2.2082325964945246,3.0152447540097262,4.129723519809167
1161,2.215298202486425,3.0278666516251267,4.123117171549066
1162,2.2196822479533433,3.0283460610086506,4.134238240184762
1163,2.2172171334996955,3.0304161021676093,4.137731489972816
1164,2.215115870540884,3.0316877898031196,4.13512416606473
1165,2.2181760301753473,3.0315564709327134,4.1382201426676
1166,2.221138990671582,3.0353922968193974,4.136248049010733
1167,2.2202897104622377,3.0416635382310373,4.141854985748703
1168,2.222411638424992,3.0408134419413217,4.141180599187676
1169,2.226514388469086,3.0422878446310344,4.151299081910063
1170,2.227328838004035,3.047173691422251,4.149733618827222
1171,2.22805748099031,3.057846267849544,4.161003261130384
1172,2.230251023314049,3.0520970944535675,4.170932047481351
1173,2.2331505365968356,3.065264623908333,4.171451936197134
1174,2.227513052164618,3.0667004611842943,4.170153250372929
1175,2.2301985570074168,3.072962079266767,4.171647663985337
1176,2.2380277759881446,3.0680853443705023,4.18342522394476
1177,2.2349548577208784,3.0719364517820695,4.18441609757172
1178,2.2383032338337503,3.0748772180627597,4.183489924768097
1179,2.241222230837795,3.0740624755474584,4.197254204131992
1180,2.245135770916057,3.074364824885423,4.189990575126227
1181,2.245959145652785,3.0798309601800016,4.201365236952994
1182,2.2443794314666796,3.075667681347006,4.210973503030923
1183,2.2493817533547675,3.0751680825662784,4.210335273904574
1184,2.2569754329283835,3.0768811827177327,4.218696405746863
1185,2.259544144020522,3.0753697695850235,4.226440236527205
1186,2.2575993974758872,3.0801625419948166,4.239754091190411
1187,2.2636386718812815,3.086665025565949,4.248932637614943
1188,2.2612946460100476,3.087315768945315,4.240335501513136
1189,2.2642608026468682,3.0902802507353053,4.25494336396265
1190,2.2658894386467283,3.096416859561048,4.266818209392437
1191,2.270372794587664,3.1023970758191286,4.270602986746499
1192,2.27326694619735,3.105515885962138,4.275169291415905
1193,2.277477945599016,3.113065526524071,4.28095082611695
1194,2.278917679408424,3.1131666655072534,4.275943641329738
1195,2.2755070459932822,3.1145329845148013,4.284861632150009
1196,2.2817281061134316,3.1127136537401747,4.293943499585515
1197,2.285086188711931,3.11410429554117,4.300409993089989
1198,2.2860942405280893,3.1190986374083476,4.307100001271179
1199,2.2840860748703884,3.124588981287284,4.30992530729606
1200,2.2870303594443078,3.1249996780407803,4.322718694531997
1201,2.293372652757264,3.1273773551001773,4.313264760261905
1202,2.2947776214173223,3.126997246399718,4.3343219130081
1203,2.300928964254272,3.138303702456554,4.328120068668808
1204,2.2994084732767273,3.144994438727122,4.332481045588737
1205,2.296721430189898,3.143516793932545,4.338537024423694
1206,2.296047902515294,3.1426978255314495,4.337444000053564
1207,2.3008395189830826,3.138065899857069,4.344136486159596
1208,2.304502439795983,3.1395311132711097,4.343886164360464
1209,2.30165552585021,3.1480382776824554,4.342833732242468
1210,2.304708726491274,3.155078426632042,4.347794119231775
1211,2.3102281119382595,3.156467200311928,4.367636443533498
1212,2.3168097064951287,3.1644985141029194,4.37326448243573
1213,2.318538820688632,3.1724348563734575,4.365745919063018
1214,2.3166492481859073,3.1724195511333857,4.375115486584152
1215,2.322807942164188,3.1682523447829345,4.377609354012549
1216,2.321842907260627,3.1665277147862563,4.382862753485901
1217,2.322231054349477,3.1813561950432314,4.386928673602095
1218,2.3270518846346566,3.1802250790239346,4.39183410028479
1219,2.330531869089874,3.1774152917084715,4.392477537397525
1220,2.3420300251311743,3.1768961968530527,4.385175681389308
1221,2.3367284866139726,3.1839574189542255,4.397692992873713
1222,2.341147253234938,3.193514374289771,4.397933620963318
1223,2.3410430188070723,3.1863529991263237,4.414282077803737
1224,2.3425869781550657,3.1958146604689945,4.426251938388716
1225,2.3448885014874374,3.1970354947889144,4.420682785838714
1226,2.351934710724016,3.191162197092856,4.434121694872275
1227,2.3475352801685068,3.192005882153433,4.440693669021353
1228,2.354525036185584,3.2014387441938945,4.450382170893274
1229,2.350367607225464,3.211034686630511,4.446000624081057
1230,2.3595845692121378,3.214570700886771,4.460726144857361
1231,2.363558465009566,3.215768076308084,4.468788061530625
1232,2.360459305891197,3.2199574930058725,4.4673151376087015
1233,2.369284997237652,3.2265228942909348,4.459486555812386
1234,2.363583624504278,3.2287302469491737,4.472104233659323
1235,2.3630283431866306,3.2302146970341585,4.476115204976723
1236,2.3611325378946235,3.2327179582573833,4.479467830747979
1237,2.372357267544334,3.233887769819071,4.493138830428719
1238,2.3703734606496987,3.245678019995044,4.4925393964191445
1239,2.378595143790151,3.250566449291592,4.493289414159518
1240,2.381760063852568,3.247502572683368,4.506127343999431
1241,2.3881327443244658,3.251425038896728,4.510034627671898
1242,2.385287026635538,3.245747640950866,4.529363938079984
1243,2.391381106859229,3.2540753957444792,4.527180744995334
1244,2.3881501315953777,3.2535891054871686,4.526408415026788
1245,2.392017694928634,3.264676200639554,4.537365114718357
1246,2.3942760777001433,3.2637387588547604,4.539635137029497
1247,2.401327866642324,3.2678160062714725,4.562206913595245
1248,2.39754099784588,3.2682150533538765,4.5591041372287835
1249,2.398902106771352,3.271484905313372,4.563062927654337
1250,2.4060933075341477,3.271550144928109,4.574415564437708
1251,2.405228018965909,3.271142366430971,4.5743450670025725
1252,2.406354396565026,3.274321724192535,4.578036857202668
1253,2.4095947907864823,3.288844083985098,4.588947774446108
1254,2.417099218611223,3.28866043080116,4.5903476569650685
1255,2.41700434386265,3.287958691531811,4.5989435629521696
1256,2.425232462621824,3.29206882173107,4.599528705299519
1257,2.4231659591422114,3.2977240515581934,4.587194823723199
1258,2.429799038200289,3.3019973061395733,4.608040174483494
1259,2.428323390340782,3.315457078849745,4.623518165436714
