day,pS25,pS50,pS75
0,1.0,1.0,1.0
1,0.9962293626216524,1.00058786632523,1.0057605021537785
2,0.9947724799637363,1.0018303779963986,1.0085753486913798
3,0.9934214425667244,1.0025560585659352,1.0109511262367903
4,0.9936121494312451,1.0036364051640978,1.0125341520172961
5,0.9932786673645904,1.0040648180507619,1.014772133096499
6,0.9929501751191343,1.0049267301501636,1.016225608734529
7,0.9929313938954283,1.0057556889784833,1.0180517068554067
8,0.9933565655058142,1.0069023168185856,1.0201027496920592
9,0.9924572447203392,1.0074180543625835,1.021518680062332
10,0.9910555176672584,1.0082777529109714,1.0236544937781442
11,0.9903251753411245,1.0087282364330272,1.0249907176725241
12,0.9899282356476242,1.0094933004161366,1.0269747175473745
13,0.9898216683654775,1.010515598117073,1.028291167101294
14,0.989326317224993,1.0106053537593596,1.029801534035811
15,0.9891417092558292,1.0117146472666927,1.0316978003644928
16,0.9891324499558702,1.0124863568789353,1.0330424605830282
17,0.9887888903917478,1.01288259526438,1.0341060438806968
18,0.9885549768062456,1.013539844645655,1.0351303105066358
19,0.9888018549560641,1.014276631401911,1.036423205985102
20,0.9880886752319921,1.014626081038661,1.037857303837028
21,0.9870445992319705,1.014516397738412,1.0394540477849301
22,0.9873066596076525,1.0151659416539063,1.0408298843479327
23,0.9867121397663121,1.01648780533978,1.0423776076747209
24,0.9866424258801675,1.0171927746807454,1.0435288618230945
25,0.9868675755766114,1.018200991211881,1.0456383448385882
26,0.9866682105592302,1.0184876199438593,1.0463524829084088
27,0.9861885267731516,1.0193585494863049,1.0475158900509067
28,0.9867670304558218,1.020477258872694,1.0488304267116204
29,0.9868686306879638,1.0204716101891893,1.0507790072993721
30,0.9863536747033316,1.0210666442481955,1.0512999522408921
31,0.9852196264564058,1.0220448020820498,1.0532229680334009
32,0.985650455971474,1.0229499731997778,1.0545851328359377
33,0.9854256663830294,1.0237295061066214,1.0564198134871596
34,0.9841712178513431,1.0242200944055786,1.0573331253451828
35,0.9854649906240978,1.02494341753376,1.0587319635550276
36,0.984819665814572,1.025466574540296,1.0589994579633837
37,0.9855654580603331,1.0256076737048572,1.060263622902286
38,0.9843296782653993,1.0256539229516144,1.0612195598032526
39,0.9846751830740379,1.0274588369729365,1.0622907499915075
40,0.9840798825863735,1.0280712435744574,1.063514533931823
41,0.9838626753981548,1.027750299281401,1.0644967898032696
42,0.9840637610819087,1.028353636766576,1.0655515603353862
43,0.984506700681172,1.0289185627234065,1.067042576409098
44,0.9844162115547463,1.0294191235241128,1.0683503242278127
45,0.984363664896833,1.0291444705679844,1.0697550683405783
46,0.9840772100046925,1.0300943603567605,1.0708519334981745
47,0.9848224022870276,1.0307439167734391,1.0721283155469736
48,0.9857505390824292,1.0311719568847924,1.0728296507586355
49,0.9853479966886753,1.0313043555629582,1.073516643245259
50,0.9859588762443511,1.0321144298804483,1.0755542607986364
51,0.9852330142568677,1.032502765746245,1.077216910500967
52,0.984261250184276,1.0332409657944275,1.076980192363114
53,0.9857737554799542,1.0332592883722889,1.0770926209083007
54,0.9855276998098754,1.0343446215054688,1.0799657162685572
55,0.9853884458775705,1.034402955121539,1.080007227258081
56,0.9858751650301666,1.035495911423848,1.0813769046985806
57,0.9865794310541097,1.0362795166479635,1.0813892371909255
58,0.9862870885831116,1.0368480763904047,1.0829951758661998
59,0.9864285544403393,1.0376151689111477,1.0837709185722115
60,0.9858236676072953,1.0381933486339234,1.0859267238419164
61,0.9862109094232945,1.0382790383854765,1.0865458360387692
62,0.985845967482698,1.0382076898889456,1.0876593854967314
63,0.9860434643388507,1.038682814482998,1.088351845578765
64,0.9858192104135557,1.0386272261277067,1.0890812540892825
65,0.9854755351447768,1.0396947298947428,1.0902476257677618
66,0.9852682884495638,1.0398470812830085,1.0905500585963481
67,0.9859779892955545,1.040068411870636,1.0920988861666223
68,0.9857289423780407,1.0408129189667537,1.0936715375663764
69,0.9852092239265322,1.0410832004216108,1.0949486363406138
70,0.9851038276448718,1.0420633868383633,1.0954832808124013
71,0.9853144371062582,1.0429633545885115,1.0967172904808267
72,0.9857495749357905,1.0435244608217686,1.097532263340728
73,0.9863902375735262,1.0444933999736739,1.09931318613629
74,0.9857381228933226,1.0451599669994884,1.0997954839574866
75,0.9850394841809852,1.0452380348948465,1.1017889121524178
76,0.9851139764093384,1.045666980082823,1.10179401129452
77,0.9858985181074881,1.04628409569405,1.1032578697990845
78,0.9858854893540878,1.046751218940678,1.1044283866921438
79,0.9850561860026504,1.0475640235939139,1.1049588817450469
80,0.9851569514162319,1.0482529848871192,1.1063091121966804
81,0.9850325452111739,1.0496029776965277,1.1072827996076606
82,0.9849312972650768,1.0491319460229818,1.1084081297923278
83,0.9856781191581779,1.0488706472597897,1.1093456780834439
84,0.9857565507110604,1.0497355605610084,1.110209299389973
85,0.9856880377654877,1.0500684334390251,1.1108824513901179
86,0.9866786804501898,1.0509276516379185,1.1130416601347917
87,0.9864673687428565,1.0521803226552984,1.113675545188191
88,0.9886894587113308,1.0511969865647819,1.1138788816902965
89,0.9880766721975637,1.0524572104101253,1.1155271489517926
90,0.9880381500601154,1.052645586189304,1.1164694775178254
91,0.987174225002803,1.053539828372367,1.1171428053911039
92,0.9886273417370705,1.05495173896648,1.1177296073286147
93,0.9885302027930687,1.0553252842088585,1.1191723781469851
94,0.988783824278106,1.0560576227479914,1.1195869278820116
95,0.9888204747541302,1.05722607945818,1.1203107566861044
96,0.9895421186468781,1.0576323053201149,1.1207463236615374
97,0.9890092402529936,1.0573665532316574,1.122571498030078
98,0.990260019570883,1.058504238610205,1.1233454853400697
99,0.9896427510322241,1.060084255585421,1.1239959974073612
100,0.9892086885554812,1.0591348094798754,1.1245654775184803
101,0.9891464660122821,1.0599854174616203,1.125915669103946
102,0.9889988861170926,1.0602696962316998,1.1269411677407826
103,0.9905258995220745,1.0606324373644997,1.1273562643848498
104,0.9914733376360503,1.061133982821219,1.128326001768417
105,0.9905075311224143,1.062632293550195,1.1300276269326885
106,0.9915185343639978,1.0632219736169775,1.1310886105998443
107,0.9912216057804907,1.0638487497883575,1.1321047326436182
108,0.9902071078614694,1.064846284831316,1.1322152017571856
109,0.9905295111899582,1.0651516057252102,1.133304388145267
110,0.9902057857291964,1.0655464884260497,1.1336252186114772
111,0.9915528785383819,1.0667325514943116,1.1347590375331982
112,0.9907816472458992,1.066567378002382,1.1367790560009798
113,0.9895521612318536,1.067659626949118,1.1380500998003835
114,0.9906095770745658,1.0679855295454983,1.1382639437100064
115,0.9903618667892811,1.0686133366351656,1.1387808063108236
116,0.9917758814722821,1.0695230059530472,1.1388482041697887
117,0.991427968860551,1.070261231914273,1.1393257305025346
118,0.99127996936403,1.0705963371989355,1.14183489482925
119,0.9917238935267735,1.0702581467285974,1.1420253215702918
120,0.9925866821420946,1.0708621442004134,1.14270733870932
121,0.9932473540883018,1.0718615381312129,1.1436678431873288
122,0.991545130240207,1.071446735201738,1.144224731241367
123,0.9912918600898346,1.0716287525351231,1.146366497823216
124,0.9922247712357266,1.0725427630497881,1.1476095610966193
125,0.992042898152246,1.0740773811401891,1.1479470567738839
126,0.9926801635429356,1.0748656499287839,1.1494441094672618
127,0.9929345848412879,1.0753596512521157,1.1502548221576434
128,0.9942496930004121,1.0761226388655811,1.1508119053797903
129,0.9952061131690166,1.0762870095047419,1.1521752889994459
130,0.9954468999934871,1.0766534533468393,1.1532518498591822
131,0.9960240354521038,1.0771402894100932,1.1528803587428915
132,0.9950707346972734,1.076368548154186,1.1538325634878266
133,0.9962560385609809,1.077079532171314,1.155234081623127
134,0.9966653486744699,1.0779235722277283,1.1564512220473717
135,0.9968791376829594,1.079436847774773,1.1568777057167496
136,0.9973955272333108,1.080537389288357,1.1589540741602042
137,0.9976929300824573,1.0813285212917845,1.1593693605991133
138,0.9988497729535314,1.0815657878707075,1.1609041797653845
139,1.0002338147043284,1.0820100816901839,1.160791348870785
140,0.998866533918773,1.0827937226207278,1.1621232407007676
141,0.9997839867419818,1.0834695984194318,1.1635138495769861
142,0.9992710268774359,1.0828100108095202,1.1652755856039778
143,0.9992105136507163,1.0832279423510942,1.1650792976957023
144,1.0002498697862259,1.0842226602670775,1.1664477211360214
145,1.0000813069911965,1.0855634115249404,1.1661852852685608
146,1.000696705874679,1.085997480934632,1.1667370869598768
147,0.9998380075469702,1.0858257282731159,1.168091967008239
148,0.9998280893448767,1.0872576160399625,1.1699112203113178
149,1.0007720712506567,1.0881874528821143,1.1706447080806246
150,1.00080379940334,1.0892135567795245,1.1726446941051603
151,1.000561722279134,1.0886386943650945,1.1733280548266114
152,1.0009668497953306,1.0900304386905382,1.1738732062971462
153,1.0012031228196911,1.0906489056882003,1.1759510293172535
154,1.0011092291904804,1.0902258374203926,1.1770083880823554
155,1.0018989058630203,1.09087953839263,1.1763119429904205
156,1.0021185687925527,1.0914490724946218,1.1780379367617382
157,1.0026060952489275,1.092110465080493,1.1789223099938826
158,1.0035168448282075,1.0929488349450778,1.1794467146068046
159,1.0038612622693415,1.094229530840078,1.1810669919061736
160,1.003483325251315,1.0945642071953763,1.182027993201927
161,1.0033992099673827,1.0953128888166566,1.1830259671399022
162,1.0023796597135237,1.0957416930627017,1.1837959114583958
163,1.0026860943882103,1.096914590759192,1.1855582503647286
164,1.0029310019135345,1.0965587115409958,1.1870117390929695
165,1.0045098662816772,1.0979089968796099,1.18609252216477
166,1.0046978523238859,1.099098750564547,1.1874974146700106
167,1.004083291291823,1.0989963845618531,1.1885604930025744
168,1.0051092310702965,1.1000217154403642,1.1903616270778679
169,1.006672876986765,1.0999364386276775,1.1897242892155055
170,1.0055124520055696,1.0990581928995429,1.190364809269445
171,1.0050727956896732,1.099823781700501,1.1921722732751754
172,1.0068633115484313,1.1007826145711288,1.1932539105805982
173,1.005303380158702,1.100653957114537,1.1927162840428416
174,1.0065940577623982,1.1016425655180349,1.1934932280713275
175,1.0060126594720695,1.101057279700865,1.1950664549531196
176,1.0074638858207239,1.1031311204631122,1.1948528771099383
177,1.0079090430559179,1.102614632230281,1.1956237919580186
178,1.006463580873769,1.1043585849484732,1.1951661185864162
179,1.0071262700235841,1.1049979997300823,1.196243196241507
180,1.0063105907925933,1.1063004229613307,1.1972887279515305
181,1.0082609567568854,1.1071039713300366,1.197859426325268
182,1.0077149262788014,1.1072543169693954,1.1997560089200694
183,1.0092140369307205,1.1091432003995974,1.2005499185473418
184,1.0099446934442737,1.1101795917181323,1.2016851774796156
185,1.0097854003346574,1.1104306085454083,1.2027645960458189
186,1.0094939952822863,1.1096213788063674,1.2030757223672846
187,1.0101188176271036,1.1108258174238481,1.2050507956332863
188,1.008752296415187,1.111988347812758,1.2060920463723346
189,1.0103703770913721,1.1130938030988298,1.2070671721251878
190,1.009622249173138,1.112797926589682,1.2076526758948183
191,1.0115668620247786,1.1134866140767938,1.2082188213661738
192,1.01042930458765,1.113347402015481,1.2087255554347003
193,1.012052738593027,1.1136859633856857,1.2109262122661673
194,1.011613134012506,1.1147963482527805,1.211316017870312
195,1.0117929208794834,1.1156598083878686,1.21124369255357
196,1.010964520315168,1.11644669170302,1.2119327114230622
197,1.0109179172255784,1.115253366591232,1.2141145373470368
198,1.0104868118013086,1.1161433780182308,1.2148981051751997
199,1.0111009188196216,1.1162200556032345,1.2159985776277091
200,1.0106541612505575,1.1169800160682721,1.215543777817297
201,1.0108631643276493,1.11745565985025,1.2182995407727761
202,1.0109037663509766,1.1182829123279339,1.218603728827485
203,1.011028198506142,1.1190212008530178,1.2199704790482446
204,1.0119036628014446,1.119335583859598,1.2202305313572865
205,1.0117857801211698,1.1210330105588677,1.2219434311642479
206,1.0113478515259429,1.1211901609674952,1.2237518034146115
207,1.014640521364294,1.1207518635091351,1.224196598951952
208,1.01493832710078,1.1218181071636493,1.2248194849256449
209,1.0145237352146372,1.1210963307516657,1.2248534164961877
210,1.0153558744853661,1.122158926287673,1.2258611009938654
211,1.0155589458615544,1.122235091425217,1.2265944542992424
212,1.0142396092934995,1.1231536711972572,1.2275219966571238
213,1.0137763235626926,1.1237131058814283,1.2292148068945927
214,1.0153983207466588,1.1249771786513891,1.2303212040254663
215,1.0160356414641194,1.1259766574419965,1.2321036610028322
216,1.0163105514554545,1.1267859300156648,1.2315646680201011
217,1.0175988493044468,1.1278316301174205,1.2335254479367936
218,1.0180493891054763,1.1274724577142605,1.2342478564251387
219,1.0170372958350973,1.1279188885260458,1.2352061749131868
220,1.0180833510001768,1.1286787844582478,1.2348683712395683
221,1.0172872969972246,1.12887341446255,1.2374779087442929
222,1.0184547073503012,1.1299737926949478,1.2401629775461727
223,1.018062975348094,1.1295184160401381,1.2404735802323361
224,1.0186823584982256,1.1308673487887868,1.2405939685441572
225,1.018373389687456,1.1314666666739384,1.2417066586893328
226,1.017757418476264,1.1327354764979396,1.2432862112112006
227,1.018970613348307,1.1336623122928169,1.2444466338220743
228,1.0186817594105526,1.1342869476516428,1.2455225485690842
229,1.0195721916860068,1.1348136186444309,1.2463206868216599
230,1.0193201060058807,1.1349519227482716,1.2477316670778154
231,1.019895262679589,1.1356615725229369,1.2511402217746788
232,1.0214141922852518,1.135481873717946,1.2515857316920287
233,1.0217230548379006,1.1359913451477754,1.2515121547473131
234,1.0211015302144513,1.1382097471939472,1.2525302670685114
235,1.0209347171257956,1.1378085153296675,1.2521024721810514
236,1.0206397722798224,1.1377859232734304,1.2528933740733412
237,1.0211843279856532,1.1392508158615646,1.2556729679556144
238,1.0210660493585175,1.1396034570524236,1.2556313357733258
239,1.0211273535343284,1.139827260211152,1.2564024402167777
240,1.0218454844106646,1.1395289216312023,1.2579204498401748
241,1.0207382864421577,1.1403868126739263,1.2588632064989933
242,1.0209681457173407,1.1397954320201604,1.2587774449570548
243,1.0228989386037877,1.1403723391756686,1.2610399166840036
244,1.0221081459239392,1.1419613497228764,1.2607632829710567
245,1.0232807872694532,1.144612207149351,1.2626300287156165
246,1.0235664208890713,1.1443108039226746,1.2617126346977101
247,1.0220822344748537,1.1436525730402587,1.264567788218544
248,1.0231762113245961,1.143270859067551,1.263853305334399
249,1.0226690465964423,1.1445762205130965,1.2650315824576275
250,1.0241881450118977,1.144330321708817,1.2654047384139928
251,1.0244540504597577,1.1447734618199314,1.2666172151635564
252,1.0259039244438872,1.145358361943028,1.266149268701853
253,1.02478790739566,1.1453187482919014,1.2669575581774537
254,1.0247201676801978,1.1464747761977085,1.269226218765807
255,1.0262823740937002,1.1480259064922502,1.2699228508683555
256,1.0269771457449062,1.1484510887703383,1.271505305433461
257,1.0268906943636305,1.1488789661847565,1.2709077887420086
258,1.027218281958277,1.1491293088670613,1.2710496446987203
259,1.0283143851452132,1.149166772978559,1.2723847654817497
260,1.028319490279205,1.149230043790992,1.2747261577599243
261,1.0283907658435005,1.1503442958630397,1.276644996458321
262,1.0290547124111296,1.1517468888258744,1.2783028066436906
263,1.0312085959685933,1.1523542810197978,1.2789835269880132
264,1.0319387822695838,1.153170111800351,1.281028712413512
265,1.0308171914952322,1.1528593683986643,1.2804638123465526
266,1.0313736455547502,1.1528065047979668,1.2808316517995293
267,1.0319495630441158,1.1541254804015624,1.2832179834037352
268,1.0303866825038674,1.1548407187229757,1.2846901367401726
269,1.032601082697731,1.1552224598443968,1.2844996779596203
270,1.0312788652011304,1.1570362919135155,1.2863906388421733
271,1.0316956190730744,1.1570545830692083,1.2863612292778919
272,1.0327107972869132,1.1562434505100978,1.285384060524872
273,1.0335547497018027,1.1572164770080928,1.287102307131465
274,1.0339868813364133,1.1575541786483377,1.2886623175543386
275,1.0333448917976042,1.1608798848998725,1.288001715608348
276,1.0346763361767486,1.1608765761504172,1.2873838238453559
277,1.0358699204615456,1.1623303611740268,1.2888914832195795
278,1.036530368099536,1.1630518066180267,1.2902232297284053
279,1.0374263882292345,1.163526598952114,1.2918324572022692
280,1.036526599651659,1.1643174461568315,1.2950235002059636
281,1.0369014895825654,1.1642359808416436,1.2943194830817655
282,1.037357565719084,1.1632902835008845,1.2950882994625734
283,1.038120503063272,1.1647606266668538,1.2962576690038878
284,1.0377415488671236,1.165053373818485,1.2973107624046751
285,1.0376794545788277,1.1652639775322666,1.2966422563135018
286,1.0385193650678133,1.1639161138693546,1.2985881135554118
287,1.038324773808175,1.164449118620518,1.3003971323664911
288,1.0380912694985938,1.1648941337409466,1.3009396548327095
289,1.0374083844791482,1.1645636683745368,1.302967581484373
290,1.0374847593211793,1.1660850703622114,1.3025552283841473
291,1.0382179409658214,1.1675088323817888,1.3026076841580558
292,1.038052292349415,1.1678078916185166,1.303981318200376
293,1.0380974069729223,1.1686190617838594,1.30599373589044
294,1.0388841631316872,1.1691397721290908,1.3065699912845172
295,1.0397614723816682,1.1693802119996914,1.306168437808216
296,1.0413392841883602,1.171397839891796,1.308469943824067
297,1.0405755946063342,1.1730669608120474,1.3097283417610166
298,1.0428480453356381,1.1732994565208734,1.309566444477006
299,1.0419631209847493,1.1736215322528536,1.3116596337023219
300,1.041011525769116,1.1747597570775188,1.3129277016395233
301,1.0409010451837206,1.174506403951808,1.3129806569169824
302,1.0397712075542358,1.174966523317758,1.312571603253137
303,1.0406930250895565,1.1755387860275452,1.3149114997357847
304,1.040972210769715,1.175797712841935,1.314470888528384
305,1.0417373580730445,1.1774455820033363,1.316360013238079
306,1.0418510733809192,1.1785792291486354,1.3154114514707924
307,1.0440902826851348,1.1797026615061967,1.3171836825820806
308,1.0441778687024696,1.1807623895717043,1.3201970244238206
309,1.0455946795642044,1.1784867076318082,1.3217581618350458
310,1.0452601531894437,1.1790184635894911,1.322823215317762
311,1.0446704210034867,1.1790349512485645,1.3243575622235833
312,1.045141497632223,1.1806586773996344,1.3227298802658733
313,1.0464531878234178,1.180646672236299,1.325237005385399
314,1.046218817172466,1.1815674889460561,1.3247794954071948
315,1.0458787015637807,1.1823656419393431,1.326674440120629
316,1.0455530320952875,1.1837850700405497,1.3277216153224727
317,1.0457638193241428,1.183108767037632,1.3305319937765159
318,1.0468844451209354,1.1843531823121243,1.330974295613571
319,1.0472801323180776,1.184543641067576,1.3298439903650208
320,1.0473178059592008,1.1846462180528103,1.3305279330683562
321,1.0479118423643525,1.18573060123685,1.330576788433493
322,1.0480714235641038,1.1858209243714346,1.3330463636828436
323,1.04784035903832,1.1862363175201986,1.3338554138130476
324,1.048760946282256,1.1860288701051185,1.3362464107223493
325,1.0489597163947657,1.1883828392030868,1.3362315048536046
326,1.0491525805679833,1.1879572849482085,1.3362110668738094
327,1.049387970227961,1.190588887149805,1.336711662062497
328,1.0514359910106863,1.1925598560473385,1.3389302697659762
329,1.0502538920762716,1.1928909259117295,1.3371418935884214
330,1.050919378020295,1.1936565577357123,1.3382671298368325
331,1.0520404688318266,1.1932437349109595,1.3397753671356951
332,1.0522804280010045,1.193349478839512,1.3401762844121978
333,1.0521322887478073,1.1932935501660802,1.3416743834334266
334,1.051949042677249,1.1940725528017193,1.3407559581815998
335,1.050497726587718,1.1953590552374105,1.3423246407637102
336,1.0519867521738848,1.1959664971548802,1.3426668906118895
337,1.0522399102277402,1.1966837837749718,1.3435335788549185
338,1.051896241898803,1.1967159695909733,1.3449981737232912
339,1.0526146059726995,1.1978191061731813,1.346879282001468
340,1.0513974736672698,1.19922406884037,1.3505893087640908
341,1.0503369985524498,1.2004535993707564,1.3499562775860277
342,1.0517723585558179,1.2002819652257997,1.3523112106882502
343,1.051327337689916,1.201148865786716,1.3529299907048893
344,1.052220538999645,1.2022269811273363,1.3520914188815307
345,1.054096991358985,1.203274763552352,1.3545082066273417
346,1.05382974200072,1.2029709618699331,1.3549604083312672
347,1.0539451437673257,1.202982020630175,1.3555801307048636
348,1.0535015323373171,1.2026457916584372,1.3566182183673943
349,1.0528025137519603,1.2032307650764924,1.3569750389371071
350,1.0548703700534667,1.2042288940570023,1.3582396285391296
351,1.0539793741356327,1.2038505362915106,1.3577621185012296
352,1.053206955990664,1.2042149284979646,1.3588954414931558
353,1.0560487913249794,1.204900251153643,1.3618910779975109
354,1.0562617619030694,1.203992145753542,1.3590539796399987
355,1.057015086118528,1.2051972129916306,1.36012091336741
356,1.0587967006660035,1.2053580416913219,1.3601995025155202
357,1.060146301483149,1.2061432572779522,1.362655669641217
358,1.059457800737495,1.207613543977636,1.3636579595125269
359,1.0598788840374587,1.2090594563994488,1.3656604035397453
360,1.0584608350646771,1.2096436297823634,1.3657594731362024
361,1.059902643366914,1.2098618802519776,1.366254120260453
362,1.0590275902754704,1.2111893370208662,1.3674114058598548
363,1.0592043217317748,1.211707521300261,1.369294088121292
364,1.059299774312413,1.2116899046516134,1.3670238088238265
365,1.0624645896139573,1.2115853530175957,1.3667772883048341
366,1.063901500204683,1.2129489351338376,1.369617479430979
367,1.063267215012075,1.212756143254755,1.3698019743772027
368,1.0641293280549726,1.2120739692332336,1.3711599072766714
369,1.0653067416347852,1.2131125461282835,1.3723528944819612
370,1.065316041962852,1.2153777856782582,1.375228343195616
371,1.0661913702185477,1.216439665482519,1.3755004487084044
372,1.0655963200846517,1.2157758410562685,1.3756335537934516
373,1.0662092325335268,1.218386287796235,1.3770648469312696
374,1.0667811479339737,1.21912118140165,1.3782773444914076
375,1.0656906879350296,1.2192027100773632,1.378342664901246
376,1.0661403524303967,1.2199456954076422,1.3769295816612959
377,1.068623706212378,1.2210642870132622,1.378278994628603
378,1.068007138392531,1.2219214989062213,1.3788480162505523
379,1.0690199147480697,1.2249314101067075,1.3794359367508895
380,1.0693785705747008,1.2235129437372503,1.3827104681976807
381,1.0683740333408014,1.2257892612888015,1.380823645202622
382,1.069554165330985,1.2256196920875797,1.3835081389985886
383,1.0694824046004343,1.2252418902686366,1.3852916216443258
384,1.06875284907394,1.225766882026227,1.38541392359034
385,1.0697552796265908,1.2261632460259175,1.3845454717416241
386,1.070564101531978,1.2268885083156633,1.3858211769363185
387,1.0686204413276,1.22786431328057,1.383735099463785
388,1.0669738147992505,1.2285456708200193,1.3862541887628708
389,1.0684866276046832,1.228269562280318,1.3896819119515191
390,1.0682860260939018,1.2288441761345639,1.3910956265980783
391,1.0702273149092514,1.2309854625916725,1.3921207239797755
392,1.0711344469875088,1.2288250998173729,1.3937403607885575
393,1.0703202660201927,1.2291757577309106,1.39392139587043
394,1.0711775900467084,1.2296487888054572,1.3958566226307783
395,1.0705268485513537,1.2314224778356762,1.3975461030909404
396,1.0714915972924113,1.2313758590871908,1.3975311882147383
397,1.0731355325524456,1.2317908517234666,1.3978586645636994
398,1.0747214220328738,1.2330618959800153,1.400982330672248
399,1.0746493631334695,1.2353705329374565,1.401618082305172
400,1.0739079541919114,1.2340335472119155,1.40322813322955
401,1.072841392358987,1.236399023000772,1.4023373208920689
402,1.0726001078356586,1.235296868027448,1.4022446082575009
403,1.0731020500575725,1.2368786148270599,1.4056133829803001
404,1.074871526532164,1.2375876883311037,1.4067559092007444
405,1.0742258755670593,1.2381426944238785,1.408590331710099
406,1.0742119602676459,1.2391424691406008,1.4075020157444755
407,1.0750348096625801,1.2387447307513222,1.4106974396612038
408,1.077130675532774,1.240088341880706,1.4107108919521296
409,1.0773382014964898,1.2399114424835065,1.413077947608063
410,1.0777283929781145,1.2399994240466274,1.4120725769568436
411,1.0780680204225102,1.2415582334783362,1.4137121017641696
412,1.078006897024352,1.2416931767382122,1.415592099559143
413,1.0783418826849593,1.2406487820602785,1.4177358220397123
414,1.0787052508525825,1.241453748314338,1.4186236683812463
415,1.081353928948803,1.2419368509353081,1.4210959495373114
416,1.0813575965632793,1.2433761940537214,1.419364457946971
417,1.0820475554066753,1.2450618496106123,1.4210071667515303
418,1.083426407985111,1.2452289091625874,1.4221742475586665
419,1.082471844491585,1.2469346673816681,1.4231251005870247
420,1.0831847095110985,1.2475281176846358,1.4256265504191696
421,1.083725665181411,1.2502175044523918,1.4255897358689162
422,1.0841820762057508,1.2489366621577476,1.4268144063400912
423,1.0845763162776545,1.2497699242604392,1.4268058599407116
424,1.0844370288157603,1.2490261578559758,1.4291034408320535
425,1.085596405213133,1.2506953390228501,1.4272271731861372
426,1.0845376911108524,1.2519103279381119,1.4296129488457416
427,1.08403297275892,1.2528574360696776,1.4317718853676873
428,1.0849921936402418,1.2535975941536388,1.432226566052371
429,1.0845012524150464,1.2529689988585813,1.4324217152794843
430,1.085366059781682,1.2546032469659316,1.434531541244419
431,1.0871385086596788,1.2569421980819482,1.432840858704095
432,1.0871377376082036,1.2561034794007018,1.433155853904877
433,1.0850359254525386,1.2550352987874787,1.4355513990204327
434,1.0862819557343686,1.2577439172409728,1.4357093290202263
435,1.0865380306505859,1.2585654460222475,1.4353871184435694
436,1.086296084313229,1.2588762663942323,1.437160104457732
437,1.0867463657120777,1.2602040854184797,1.4376764311080938
438,1.0876499313890249,1.2602951678353294,1.4393700055093712
439,1.0893334318029522,1.2608648400984683,1.438817156011347
440,1.0881092681533977,1.26223160211531,1.440151977074955
441,1.0894556485246132,1.262970062613253,1.4412922488236721
442,1.089139469373069,1.2626249303015744,1.4439260025244418
443,1.0875885058028738,1.2641908677330727,1.44477153292033
444,1.0902749436174128,1.2640503839794426,1.445322514427175
445,1.090201567661009,1.2642450744932465,1.44357624496849
446,1.0912104468088137,1.2653679817189767,1.44512948944004
447,1.0917830601634704,1.2658501792721681,1.445317270977205
448,1.0907089506005239,1.2665866034503859,1.44769173961599
449,1.0918101970892173,1.2680798000698,1.4494695817272798
450,1.0911798738900371,1.2687384390311744,1.4473496864321347
451,1.0918514890867734,1.267175520118784,1.4472275213225643
452,1.0910103197758323,1.2683298626096577,1.4498154303457564
453,1.090607748245516,1.267531248880225,1.4523747255251098
454,1.0930714364432301,1.2679607823138017,1.4526443867961847
455,1.0944951168240085,1.2699266645358454,1.4544207067309392
456,1.0936978553936112,1.2696808440288163,1.456955236687346
457,1.0934391003945378,1.2696039549013394,1.4570886946203168
458,1.094234850051591,1.2706092174443033,1.4607518473249455
459,1.094464843390261,1.2690704875408763,1.4618928603485477
460,1.096380316541268,1.2702102997033935,1.4609669318939182
461,1.0974560538903961,1.2695879259426808,1.4609685481683499
462,1.097176227296333,1.2709483950082379,1.4632984723885056
463,1.0982527542229628,1.2723219514467712,1.463877083644788
464,1.0963545172460099,1.2716886499368107,1.4660407487162956
465,1.0976230472077924,1.2737581364326092,1.463448639815196
466,1.0984099237559362,1.2745131878977258,1.4675110000094942
467,1.0996543012180355,1.2759676218539182,1.4680615007702387
468,1.0977819751500055,1.2744153935947982,1.4675820547507157
469,1.0970235200903793,1.2756230990341217,1.4684595932947002
470,1.0996241906248982,1.279176808405845,1.4686230530367475
471,1.099024676818912,1.279610160811957,1.4705872460636336
472,1.0988716209750846,1.2788923142839748,1.4712309976548164
473,1.0976806680212514,1.2804146348828647,1.471723559258378
474,1.1008586589049472,1.2813055787049503,1.4750153375754729
475,1.1012574658297558,1.2805474335303209,1.4772421892005063
476,1.1015316766993855,1.2814248474835759,1.4750695845757644
477,1.1015540969247453,1.2814163248986339,1.4747657507900187
478,1.1004504004424007,1.2834715551186773,1.4753186385580757
479,1.1022055286162398,1.2836044759577878,1.478104895877303
480,1.101756872330435,1.2844934105774801,1.4797613020115004
481,1.1033498190570505,1.2847153603314951,1.4799597254124155
482,1.101394457972382,1.2843749060069447,1.482787766943756
483,1.1020913167198247,1.2859010550129129,1.4831139058523
484,1.1046994231763245,1.2856357299126162,1.482569036570505
485,1.1041572521836953,1.2875629378453088,1.4866186026192705
486,1.1047203011636921,1.287785613047482,1.4863298863378545
487,1.1052931932869157,1.2890737029398456,1.4900468097410715
488,1.1044236804765784,1.2889928508741606,1.490570005961967
489,1.1022575556346208,1.2900570657358492,1.490311108158032
490,1.1051283769899096,1.291354862331136,1.4924178614661843
491,1.1048032027713983,1.2927568818256014,1.4917374833442463
492,1.1056067614047729,1.291803235909737,1.4932738204675797
493,1.1048580622504611,1.2924430596316956,1.493680810125516
494,1.1047327423082878,1.2939305740680136,1.4967586597061842
495,1.104874113880442,1.2929934168718844,1.4956827478552293
496,1.1055328832160787,1.2955826581665808,1.497611883831117
497,1.1047462433712703,1.2963622918347877,1.4980900592385924
498,1.1047195820483158,1.2962339866606445,1.4982816405900485
499,1.1059178515555037,1.2951517536272497,1.5013523949329728
500,1.1072151876770713,1.2972142054481746,1.501634333122023
501,1.1044652951418499,1.2977029432106937,1.5047730144370968
502,1.1053985898954564,1.2987214513327543,1.5054849750380925
503,1.1052336659172348,1.2982674099890081,1.505465998123404
504,1.1063671623636735,1.2994482155874585,1.5052083757539272
505,1.1071878193502984,1.2987793573150639,1.5071842311722077
506,1.108942648269487,1.3008875490891678,1.5086822240988178
507,1.1087926848445022,1.3012272077018032,1.5085723416633325
508,1.1084216548127377,1.3013697707829297,1.510052306330971
509,1.1094703610935188,1.3032872510488245,1.512093866445562
510,1.1095294579216164,1.3041553443912142,1.5141548089587347
511,1.1112458365093056,1.3043800204088625,1.5147686539695229
512,1.1097136731427035,1.3053710316128093,1.5157846304966358
513,1.1105266568949839,1.3070301621793985,1.5154520040456192
514,1.1118850878644833,1.307299299360944,1.5175453288862837
515,1.1106504517261973,1.3085574607981414,1.5185040336275977
516,1.111898678028253,1.3093931348892007,1.5198829650634753
517,1.1141411394967486,1.3094602285071157,1.5226948481239222
518,1.1150101800514172,1.3098689964597912,1.5206901406375508
519,1.1151564484049286,1.3103200019320065,1.522903014544993
520,1.116004112489911,1.3117140454941576,1.52359877123916
521,1.1174941622198107,1.3129330817202267,1.5260325263182315
522,1.117700922269551,1.3132605662744892,1.5260010983816708
523,1.118887470110256,1.3131790594228292,1.5287420861887742
524,1.1192222603294648,1.3144360089561964,1.5281486180366661
525,1.1200151788597115,1.316253850651461,1.5308943235992079
526,1.1215146672847078,1.3163224994011347,1.5329279011101171
527,1.1211111854849545,1.3154850947845138,1.533431513832688
528,1.1216142916877996,1.315920716910075,1.5334797751590812
529,1.1202385433508595,1.31864418926914,1.533773229036162
530,1.1212407211496014,1.3192975970068221,1.5314178324436636
531,1.1212055435475698,1.3195856625364062,1.53342385373227
532,1.1222405027274485,1.319557863905091,1.534441877636655
533,1.1233917134492366,1.32063178223683,1.5348133860668887
534,1.1213495748312894,1.3222557622652094,1.536054116331724
535,1.1216785893263461,1.322891380464941,1.537385538395203
536,1.1222027523735782,1.3249993212796882,1.5369819126112825
537,1.1238821669199688,1.3244096216660761,1.538869692990868
538,1.1236339477057242,1.3237127964559847,1.540368107659263
539,1.1239673675291773,1.3244609336057462,1.5444222928262448
540,1.1232983749451504,1.3256779303612305,1.5438823880773356
541,1.122778617925017,1.326843677884037,1.541684176441226
542,1.1244354331215716,1.327629721816261,1.5404319749916653
543,1.1226625760221893,1.3300716955169696,1.5399535782912777
544,1.1240688219020427,1.3311307736470694,1.540267963886881
545,1.125123551061738,1.3302729434956042,1.5402612871444827
546,1.1249528457773716,1.3323157878240894,1.542869267209984
547,1.126138767465263,1.3332390521531639,1.5443980181185943
548,1.1260813249212525,1.332651993875733,1.5450712645507652
549,1.1257383151489722,1.334493425248831,1.5472330597993356
550,1.1251533177171702,1.3358772907278431,1.5479524605742196
551,1.1254325859803622,1.335404582340387,1.5488328492351664
552,1.1272923535342063,1.3352243948690647,1.5516966168179223
553,1.1256877243108192,1.335978203701412,1.5558186331857424
554,1.1278605096258714,1.3366294630036109,1.5561854609817924
555,1.1277734609290215,1.3365633054822192,1.5556201952743804
556,1.1295651664792126,1.3361082651863925,1.5560220114512593
557,1.1310887196652792,1.3367160677185428,1.557386536645234
558,1.1293087656723786,1.3375318433619694,1.5593768670767867
559,1.1293190824002972,1.3376150511286071,1.5587035326985874
560,1.1312580640933543,1.3394599597964696,1.5577666089654054
561,1.1326138064709321,1.3389085946254242,1.558271491317775
562,1.1322805598120285,1.3381589713393534,1.5598343496267302
563,1.1332118245284348,1.3377422947718438,1.5625182594369593
564,1.1341227896025898,1.3408373068414527,1.5640477737782965
565,1.1331844105314581,1.3424898880642357,1.5624141832877612
566,1.1317987433839694,1.3430920976162204,1.566245450789001
567,1.132480591958857,1.3424787195511592,1.566218577610247
568,1.1312473514026553,1.3428218382353199,1.5657318946126897
569,1.1328695830862576,1.3437160543761828,1.566702037692612
570,1.1327284301624796,1.3469562316390724,1.5678686727657354
571,1.1315076315479473,1.344787937162323,1.5678341788961128
572,1.1326302865599132,1.3452844822151389,1.5705594822624835
573,1.1327464046149502,1.3465509280063666,1.574005928650457
574,1.1338458391238169,1.347742567106847,1.5753097487924288
575,1.133259727880648,1.3475537163218583,1.5766344061757722
576,1.1306117779758542,1.3482912990559646,1.5776174895562016
577,1.1330265797580634,1.3513431969342102,1.579567002534647
578,1.134187659346535,1.3512641361457323,1.5811507484139158
579,1.13232006715288,1.3517668261557014,1.5811090691936827
580,1.1353297670521236,1.3542021188965838,1.5822762682322684
581,1.1358460810774784,1.3547642184169908,1.585311401848411
582,1.134210764303948,1.3538891249695362,1.584734600751541
583,1.1343997304055868,1.3547945625373568,1.588254082408059
584,1.1351670516071648,1.3560087885117498,1.5876878812801105
585,1.1353274572615593,1.3566256226305633,1.589987647446542
586,1.1363704227692617,1.3557608018775502,1.5877590308853358
587,1.1367387936476911,1.3564271555408824,1.5910019057363578
588,1.1371573521429856,1.35807304071465,1.5905403028138094
589,1.1381272867957901,1.3602854105605555,1.5951773917999774
590,1.137820628252785,1.361900876445588,1.596588246509634
591,1.1390959079396645,1.362530737456467,1.596990153707662
592,1.1397506793882355,1.3646057929359083,1.5977463510364673
593,1.1375133122139884,1.3644391275663175,1.5972508343740477
594,1.1397487388885899,1.3645685433714263,1.5968247636922261
595,1.1397619333186775,1.3661684808800656,1.5963413869844674
596,1.142229657384621,1.3656919909411482,1.5984141013417559
597,1.1432203164880497,1.3651913684496768,1.601686409127895
598,1.1442737578776647,1.3676245450920295,1.6002751735940508
599,1.1430531488976037,1.3693524286815677,1.6021848060055177
600,1.1422784507771653,1.3699675825842,1.6034416570966192
601,1.1445671383130158,1.3703852160133398,1.6021650534802547
602,1.144643822241735,1.371878048353722,1.602704901460946
603,1.143311535625699,1.370602903608693,1.6043595600527554
604,1.1447405474242447,1.3707712336358457,1.6064699766414514
605,1.148448750940033,1.3694051459978969,1.6095343731289158
606,1.146730100437058,1.37044342122707,1.6112066968827474
607,1.14509091183379,1.3684279022863177,1.612769643974143
608,1.1469834869206155,1.3696920747830483,1.6118881325261072
609,1.1471837350384233,1.3724083979965749,1.612156837882297
610,1.1492647883009353,1.3721749912857781,1.6138540736269682
611,1.1477674809687035,1.371384714831785,1.6146736454343587
612,1.1479128203166105,1.3745509650156804,1.6144491748116068
613,1.1479298070536792,1.3745485380549152,1.6157022469314537
614,1.1482046208435337,1.3745046754704435,1.6184952396941255
615,1.147851522133616,1.3775543506648003,1.6208396546711454
616,1.1493579165418188,1.3760603523958657,1.6219056246617163
617,1.148778114432845,1.3780639449915024,1.6220330169651205
618,1.1510959918952595,1.379955185322616,1.6228745332413148
619,1.151645952405139,1.3789338078342848,1.622620914553189
620,1.1513802848293466,1.379245250614725,1.6266185038682803
621,1.15100496354472,1.3782100644349318,1.627814418505891
622,1.1518313887746372,1.378386033664639,1.6305231263688658
623,1.1521660058640621,1.380819002764993,1.629427459352132
624,1.15159322731784,1.382233666462681,1.62916144153293
625,1.1542672215806549,1.3822933244198319,1.62915203464538
626,1.1532672312920016,1.3815632623365546,1.6286410384752947
627,1.1535791680307235,1.3834168324268876,1.6324919680752858
628,1.1543238823202333,1.384877631672433,1.631593663564863
629,1.1541240149219396,1.386781674691962,1.631011796139189
630,1.154644197135724,1.3850305677486254,1.6313791081496318
631,1.1542693784231677,1.38522754236566,1.6309305970271173
632,1.1547534672400874,1.3887962533253868,1.633129969230656
633,1.1560389317841047,1.3886864670015702,1.6318500604170936
634,1.1564437457123162,1.3912490473216668,1.634797211212391
635,1.1557605983178347,1.3937943119361533,1.6364280763699712
636,1.1567143093352152,1.3952543572092038,1.6400687362360076
637,1.1573940270082055,1.3969643483770162,1.6400680949611213
638,1.159095014786061,1.3949317999969693,1.6410307229467296
639,1.1591144631642343,1.3938874621541877,1.6403014480017657
640,1.1604948110803297,1.3965582633249927,1.6392218023474368
641,1.1595392616728526,1.395574007558658,1.6445263818723617
642,1.1612752042302317,1.3946200643164746,1.6462311096219147
643,1.1615507933933487,1.396332183717504,1.6453536296103357
644,1.1640765348176663,1.397948063500206,1.6464434457332546
645,1.163247930201269,1.3981035956661416,1.648034179353622
646,1.1625711923952546,1.3988581608115513,1.6490216229477115
647,1.163504695303059,1.3993886306932914,1.6503332210775592
648,1.1619242716048013,1.3981638162287346,1.6513116148139408
649,1.163228009921839,1.4007427689057632,1.6512647912117697
650,1.163548777764824,1.4004514191851651,1.6562244380713271
651,1.1606588892342131,1.3997304299226316,1.657596786011906
652,1.1625161647529834,1.4011884270958195,1.6585290163643975
653,1.163958402799679,1.400587611418854,1.6582702238863065
654,1.1621221822376029,1.40115392232283,1.6597445025766917
655,1.165148588884327,1.400896484111507,1.6625171572685278
656,1.1660692709595122,1.4014718752822835,1.6600278674993392
657,1.1654105908841341,1.403319322989916,1.658075007947506
658,1.165808691276154,1.4033036065994993,1.6605097707747871
659,1.1655371389897304,1.403310024205559,1.6592359103752194
660,1.166707120099461,1.4031876343786986,1.6617082018298897
661,1.1670674478046594,1.403836960108753,1.6625072558123664
662,1.1695190688215675,1.4037658794464294,1.6632194010349268
663,1.1695138657197583,1.406843640740961,1.6646415753744377
664,1.1695060804133441,1.4065841531029726,1.6646109860324572
665,1.1701721959724734,1.4064439647291649,1.669819179134707
666,1.1698505206303582,1.4071961612952752,1.672406648378312
667,1.169448509766966,1.4075869565733923,1.6731789159171797
668,1.170581155265685,1.4103925387237544,1.6734749169042926
669,1.1701344133915033,1.410583409499774,1.673774125623861
670,1.171448728089521,1.4133301745573044,1.6747545573326919
671,1.1733565003524409,1.4133359238078418,1.677487629726673
672,1.173306945788429,1.4146493604778931,1.6796462025696801
673,1.1754673451268076,1.4133343229503674,1.6803913151837802
674,1.177027137996893,1.4151868310110536,1.682707797207844
675,1.175588077105227,1.4164771630191901,1.6803541251531713
676,1.1760279302642398,1.4152498733071817,1.6816993101229307
677,1.1767332227395801,1.4163852812834925,1.6828140689189381
678,1.1786851464500154,1.4177482879387102,1.679107811450241
679,1.1781986888502125,1.4191356927207726,1.6828049645651135
680,1.1792344417990765,1.4173994229780535,1.6811630245853448
681,1.1790913354798176,1.4186365299405295,1.6846568584038053
682,1.1807505986227709,1.4204813842471733,1.6825050715466068
683,1.178411174105322,1.4213787268535527,1.6851999309363586
684,1.1818216900734375,1.4218299622730073,1.68800911254564
685,1.1829381361691322,1.42274725652533,1.688044820762435
686,1.1840141436766622,1.422619981769312,1.6915478341520962
687,1.1814928631668855,1.4218754784598864,1.688606016534361
688,1.179503354566937,1.423772070380303,1.6929913083490042
689,1.1808895808677324,1.4243974534899921,1.693781013228309
690,1.1830858083620297,1.4247122397136098,1.6929825482779046
691,1.1861828075201102,1.426973147726863,1.6927460993843968
692,1.1845983826446325,1.4253121040714134,1.6924124132489653
693,1.1841132971583073,1.4265150431715021,1.692913210609833
694,1.1838789917083739,1.4261875355021822,1.6944650979437395
695,1.1859304245603641,1.4317589332641882,1.6975626861694222
696,1.1838136941986714,1.4281548401564388,1.6983344115614427
697,1.1852942715512298,1.4292855817619672,1.7034843374407505
698,1.1876507947734338,1.4308768315671894,1.7032734351973204
699,1.1865304475526823,1.431799029390434,1.7061045288398888
700,1.1876881683059373,1.431429833016142,1.7083555053804955
701,1.186457444886278,1.4310046362246687,1.704346297451559
702,1.1880965701271262,1.4334003231646386,1.708058148687085
703,1.1892145166957477,1.433185837234777,1.7062910704532694
704,1.1889217314615488,1.4334127678054016,1.7077256800538283
705,1.1895742394528526,1.4345709910696032,1.7089063586471953
706,1.1912531627672025,1.4319385549494466,1.7092873956058958
707,1.1923939677372362,1.4340799100870063,1.7122902404770073
708,1.1915757458178051,1.4346852392146343,1.710809930893276
709,1.1936640445345887,1.436649946119995,1.7109964155692712
710,1.1928890000869745,1.4386450036615384,1.7138400528460533
711,1.1960230843634752,1.4413651161573602,1.714112737692345
712,1.1976503074306635,1.4398425503601953,1.7150776545389412
713,1.1971102478123385,1.4407583934973578,1.7161550453624186
714,1.196247189589982,1.4421311690188128,1.7217006287666508
715,1.1971249666935155,1.4420915209695928,1.7221702114176374
716,1.1994831133082704,1.4439911479412042,1.7199774895273037
717,1.199509414812176,1.4438394124089742,1.7217928274935852
718,1.2022156676937106,1.4440502007738998,1.7231174320782097
719,1.202024878254893,1.4460092227762757,1.7258029443653826
720,1.2012678996955903,1.446709692818028,1.7225368538132062
721,1.199595065762078,1.4473386184574824,1.7265535006287467
722,1.1993795262025386,1.4484834906820419,1.7293047554648404
723,1.2016103567397831,1.4485122617937791,1.728870251374532
724,1.1998772095955512,1.4499442934754267,1.729438872507679
725,1.200078544114703,1.451162039924747,1.7295930860282251
726,1.2015975268844958,1.4510791744658094,1.7310989025278862
727,1.2028610038418668,1.44971484934194,1.7331439985519808
728,1.2030479561354854,1.4526258307512454,1.7344585190563038
729,1.202586384203822,1.4510080897480155,1.7366289995559
730,1.2041607851194425,1.4532437463300814,1.7363642227904168
731,1.2049508960232926,1.4539228219566116,1.7416431414519642
732,1.2048663773049044,1.4540413017803153,1.7420362692519051
733,1.2043603568012446,1.4530850489589175,1.7433064480977523
734,1.2052548695106462,1.454120349347649,1.7419382205261318
735,1.2032702553040526,1.4563390176011946,1.7426679919501376
736,1.2033564369475367,1.4545911553558173,1.7477125964108415
737,1.2031613895392874,1.4562155307139013,1.747470179955004
738,1.2048985981858427,1.4599413707870914,1.7483065999206984
739,1.2062552855468285,1.459661150653278,1.745962256243766
740,1.2061374030753718,1.4612397134749573,1.747408479179236
741,1.2062063505787166,1.4598603263106653,1.7466261620466086
742,1.2066504580545674,1.4630094463413381,1.7482458446077573
743,1.204851912845057,1.463819485884772,1.7507808079764862
744,1.207765629489525,1.4618902589562994,1.7525905094128733
745,1.206805006320086,1.465072187394941,1.754775568488317
746,1.2059867452543607,1.4652418937540568,1.755083622994018
747,1.208859088144272,1.4659745741351613,1.7540536555922228
748,1.2087631821227751,1.468606296175035,1.7566977263478927
749,1.2097987011573332,1.469419919752315,1.7589328390930234
750,1.211459771426729,1.4701266624335805,1.7575409663770032
751,1.2124980659081357,1.4708472496608263,1.7590372358051378
752,1.2140498083953069,1.4733643062968431,1.762428928810964
753,1.2142833572066727,1.472548201875185,1.765007864896346
754,1.214489838728936,1.472283725586559,1.7653297692085095
755,1.2147853508572752,1.472767031127339,1.7669002113521783
756,1.2154365624807193,1.4722906931854758,1.7666987189045633
757,1.2124843791876483,1.4729032655800438,1.7672472424281198
758,1.2161290790592758,1.4760536167058955,1.7663670917377932
759,1.2154269722547015,1.4775631223980308,1.7673052066612398
760,1.2175986972394288,1.4759906859482181,1.7649673280005682
761,1.217632722620688,1.4764420133012872,1.7659169736553764
762,1.2158956317016427,1.4785018347259724,1.7693005278047158
763,1.2176919135673487,1.4799804406557966,1.7712255940117578
764,1.2176552244186065,1.478187694799928,1.7712244004054831
765,1.2172802578586672,1.479531590810284,1.7728062100843605
766,1.215579072574242,1.4779004152732123,1.773991929536919
767,1.2181233350591338,1.4817005685907239,1.7722688571498275
768,1.218817879622807,1.4807826980506578,1.7766360722995183
769,1.2216806092787895,1.4834948438651199,1.7788934362047197
770,1.221394116656959,1.4846150615657334,1.7809108902479933
771,1.2234269397751067,1.4863521024167399,1.7791228909028267
772,1.221487429380694,1.4873912362821287,1.7809738995607223
773,1.2239067266541903,1.4885468813670293,1.7824367771694916
774,1.2240167194051264,1.4892877512347513,1.7795750806058526
775,1.2246380564117887,1.4891655409920768,1.780446440788006
776,1.2217426197542955,1.4896099192822292,1.7846629559572564
777,1.2244924763345042,1.4906238810490722,1.7898069540070312
778,1.2238005000656678,1.4916606007122142,1.7878071078830575
779,1.2279150111252803,1.4907738885486497,1.788386561749879
780,1.2272287935795134,1.4934376355702452,1.7873310387270347
781,1.2286828461759884,1.4942311697739408,1.787447049999765
782,1.2285481835941863,1.4951685161583912,1.7938222203196275
783,1.2261890857668487,1.4943549341278413,1.791885741901297
784,1.2300016523193427,1.4966870199190652,1.792675004850191
785,1.228531379606943,1.4977753197265193,1.7947138641275562
786,1.2273436431518285,1.5016063389826775,1.7965258721825443
787,1.2287631961527135,1.5007865300774323,1.795230690770771
788,1.2272580716803578,1.5001238411278504,1.7973792600413911
789,1.2309319998823571,1.5045260945058598,1.8018324180841108
790,1.2321083831172885,1.502641374473178,1.800770982692599
791,1.2324472387395382,1.5028735415558556,1.8030734075778947
792,1.2345734731382758,1.504416563614935,1.8056621863200697
793,1.234131407676396,1.5035088201751758,1.8052917884288315
794,1.2346157693361621,1.5040684437474978,1.808320305144818
795,1.2327541455303306,1.502864680078983,1.8110176583768136
796,1.2344610344228126,1.5024944357292371,1.8090354779646387
797,1.2330829136527033,1.5040144716624992,1.8131005750795366
798,1.2345393967678977,1.5066735756599865,1.8128249443032878
799,1.2348985083920176,1.5067641435256827,1.812636434637839
800,1.2370088330898397,1.510344630704716,1.8135558863729575
801,1.2374886714641389,1.5103977647197473,1.813825541145985
802,1.2405485688142173,1.5071641200590973,1.81420564959138
803,1.2381368533745007,1.5103013777987182,1.8149926246828352
804,1.2400493997258542,1.5133453692692926,1.814811206973619
805,1.2381727188521725,1.5141434527121715,1.8151314181223506
806,1.2401050040602226,1.5126792233911046,1.8181354049046425
807,1.2423499905273794,1.5139269167820504,1.8194963707383902
808,1.242956793281162,1.51459810106891,1.8200614426518904
809,1.2452757294317331,1.5169161669584252,1.8193525467515403
810,1.2451582881880618,1.5177600323200453,1.8201528839919172
811,1.2463114543076266,1.517572831746071,1.824670011519606
812,1.2467091847648244,1.5190489013843331,1.820565514480664
813,1.2455025214091668,1.5191889234068394,1.8277273317809093
814,1.2461287077342655,1.5229054024743556,1.82179958585566
815,1.2465096575420194,1.5225079786335365,1.824871526617059
816,1.2484873158042555,1.5240806295265101,1.827988219884955
817,1.2495129934410343,1.525076469309218,1.8314063578439628
818,1.2509571171467728,1.5254230863618605,1.8349604209994859
819,1.2485271704365453,1.523920968371229,1.8311182893018565
820,1.252003324015118,1.5259949703871711,1.834904117239214
821,1.2507700724880013,1.5262407336100572,1.8349909162423694
822,1.2488652151133481,1.5274949859620008,1.835293704500876
823,1.2488947145711105,1.527327734683083,1.8369095403872557
824,1.249152852024702,1.5276570423555327,1.839736782598857
825,1.2505402873333824,1.5288838265492983,1.8389536428901803
826,1.2476969613485869,1.5312524495672752,1.8410875780726366
827,1.2493927116108356,1.5298316136900598,1.8431198378988976
828,1.2516980685261068,1.5294307301457701,1.8449573966120698
829,1.2516257741109527,1.5284921086433232,1.8476394746461746
830,1.2522921550277055,1.5327222475715985,1.8448792428939547
831,1.2518649993383777,1.5339728268722765,1.8463086652855765
832,1.2524173296750742,1.5349065090801302,1.8466607978773968
833,1.254508773048832,1.5348420756688101,1.8501460979221889
834,1.255475001298294,1.5350766060420638,1.8501463843115726
835,1.2560646159280227,1.5368081518717243,1.8513238963773275
836,1.25425442469431,1.534785333508014,1.8525597475161397
837,1.256287173482058,1.5374555293276848,1.8553121480493482
838,1.2557138381908788,1.537103743217557,1.8578690398689899
839,1.256452315955853,1.540465608566508,1.8578064415542928
840,1.2556131084636286,1.539599019916937,1.855962799651609
841,1.2567312954993675,1.5389720483220093,1.8539868940891886
842,1.2582987585855254,1.5417836738355426,1.854766478944401
843,1.2587954726787924,1.5421526272417656,1.859009371955985
844,1.259744578224712,1.542984009212919,1.8597787238902048
845,1.258943505529485,1.5444705621561579,1.8620553098831698
846,1.259510779255384,1.5474083864174477,1.8630777684948312
847,1.2597543443186798,1.5500356593055806,1.8637162918998933
848,1.2602931630420358,1.5485996646819908,1.8678631545911362
849,1.2608252245792273,1.5486741849363144,1.869113633429146
850,1.2620402785548142,1.549261785383519,1.867579055113259
851,1.261994429071807,1.5488381692482238,1.8714510250701695
852,1.263887663497083,1.550746396310835,1.8718016483897182
853,1.263638266841095,1.5516178052783243,1.8732654628158532
854,1.2645214114024599,1.5528363324627485,1.8759863862237365
855,1.2644461612287379,1.553491937718289,1.8776039356982577
856,1.2636010780170461,1.5552357052372976,1.8766266209895108
857,1.26451903885079,1.5567784715868844,1.876842164630212
858,1.264018705832524,1.555763728618048,1.8772909706236465
859,1.2624783116650233,1.557078729985958,1.8821745499661149
860,1.2622730012277625,1.560218551019821,1.8839123979528114
861,1.264006874700204,1.560272715827907,1.8842830287831678
862,1.2665629554493407,1.5582880478624643,1.8840440796535323
863,1.2661942273687232,1.5577880012057643,1.8861938415472617
864,1.2681469225455646,1.5614808715143087,1.8880287519405863
865,1.2681579439356663,1.561440621998046,1.8872888050857861
866,1.2679779303517273,1.5607392690528445,1.890694495956332
867,1.267956924056839,1.5626114141119891,1.8911692852284632
868,1.270333936975768,1.5643550773793933,1.89176925044207
869,1.2712077387872203,1.5610706817434525,1.892285084730835
870,1.2702638477777253,1.5606558897461005,1.8931617600766195
871,1.2718736311108136,1.5631203024116533,1.8969718389316093
872,1.2748845437557743,1.560018986260337,1.9012160916771421
873,1.2737048141554894,1.5634026547452544,1.9014084079955713
874,1.2733259646285868,1.5634114666842298,1.9028512698367677
875,1.2728306433349221,1.5665150025050414,1.9046001450189294
876,1.274501230066634,1.5668515090780764,1.9025648828846582
877,1.274412649553502,1.5665084883460065,1.9019919459493186
878,1.2735766009131846,1.5671454501038848,1.9047258822339022
879,1.2738011409775731,1.5673795825997971,1.9053208610567163
880,1.2746635841734686,1.5681769142907127,1.9082834680872165
881,1.2766259890676204,1.5712059681206823,1.9071541900149545
882,1.2759805523569814,1.5710380740111711,1.9083236135459334
883,1.277403012271929,1.5708242085090323,1.9109158398534782
884,1.2777993584312108,1.573016094256435,1.9132032662539715
885,1.2813570447546632,1.5713785761280572,1.9091293909244151
886,1.2819425655250332,1.5725867229462838,1.9120264934549285
887,1.282276272653589,1.573078487558519,1.9129153010620235
888,1.282698291470703,1.5742866910218418,1.9136585201974845
889,1.2815824017454451,1.5748563520573349,1.914041182414836
890,1.2823143009308338,1.575498019242353,1.9147353095153388
891,1.2839552786597015,1.5754979549773003,1.916311840651792
892,1.2823830955022149,1.5781645145963328,1.919510373031679
893,1.2808833529224493,1.5821990010292764,1.9163242362666744
894,1.2800712184545078,1.5843097962367434,1.9171218082669108
895,1.2826376287804704,1.5841398510278235,1.9206230796783326
896,1.2808088419522776,1.5828010287010001,1.9244089117263432
897,1.2807321639868816,1.583651756339298,1.9229964531547314
898,1.282086264457163,1.5833775110608315,1.9259050458952933
899,1.2833815611080093,1.584742204332111,1.9278756773275407
900,1.2821947513101921,1.5853697196688379,1.9294037215527426
901,1.2808691526271005,1.587464767571464,1.931326993877983
902,1.2811340239118487,1.5870048223390945,1.9324441799728207
903,1.279340044407907,1.5884887244207562,1.935671984740761
904,1.2826027163389653,1.5909516838288533,1.9369856394321388
905,1.281876772880999,1.5917107472392682,1.9376242886037465
906,1.2831590211560768,1.5940534012671383,1.9350345535687703
907,1.2838196161582793,1.5937367572181358,1.9351001419770986
908,1.2859952443102234,1.594167632491934,1.9363566646903652
909,1.2854622571759322,1.592610005835267,1.9378791147642913
910,1.2885710315984888,1.5935531178023883,1.93790563960866
911,1.2867789570281953,1.59551412450912,1.9443813225560325
912,1.2885597403170945,1.5956824133612804,1.9428453843375504
913,1.2885820857755745,1.5995463729129198,1.9434640433713695
914,1.2907732675787837,1.600368435721624,1.9483115466444145
915,1.2925956077095142,1.6027895995421246,1.948043386162873
916,1.2921188457057973,1.6014915878844835,1.9470828863593583
917,1.2936262596591954,1.602231106497404,1.9515926452622439
918,1.2952977479156873,1.6021653782194614,1.9504288936738772
919,1.2943657995260516,1.605189908262945,1.9520304208971027
920,1.2953491999680764,1.6096943076634327,1.9525564563427737
921,1.295174404895034,1.6116968089162427,1.9528210468411298
922,1.2964837502165525,1.6093840899569583,1.9574908272006124
923,1.2970139082796046,1.6069992036560723,1.956519530991564
924,1.2969833558392423,1.6088811568995873,1.955450472489669
925,1.298486750076917,1.6082744644857243,1.9593148218941816
926,1.2998793785827334,1.6095139605842164,1.9586617449016066
927,1.298799333561254,1.6110481135382466,1.9605303544030224
928,1.2990718218735458,1.6103406499961914,1.963183785412291
929,1.299811764019334,1.6087623519893697,1.9624663882174378
930,1.3025358319152622,1.6120325314851898,1.9628895358918794
931,1.3025168259520181,1.6146990286101903,1.9647407430421326
932,1.3045224494166294,1.6159661331856112,1.9648747612853523
933,1.3037580779202895,1.6154177853109966,1.969850216474498
934,1.3053383247699943,1.6179671866966328,1.9680774970754222
935,1.3025485308275258,1.6176248056988014,1.9698463464901055
936,1.302448512850926,1.616100032199153,1.969303854195904
937,1.3015779203871276,1.6180121443773725,1.9716239894087628
938,1.303367066572552,1.6169815909405414,1.972973868321004
939,1.3016452965762344,1.6192607259134442,1.9726981552239278
940,1.3034443491881929,1.6195234870088415,1.9767028017435604
941,1.3051302916419831,1.620641980389718,1.9802587333472115
942,1.303849196696331,1.6224722995009102,1.9834581887135538
943,1.3063808836563104,1.6235909935556017,1.9822036848993008
944,1.3071832725088284,1.6245622594952738,1.9798086822744971
945,1.30964661361134,1.6249547071069084,1.9787955274877826
946,1.3112642274533841,1.625448098829846,1.984532207342569
947,1.3112574490636493,1.6276472715393688,1.9847611275856816
948,1.309850280609421,1.6279873066873205,1.9832065005100366
949,1.310202658154044,1.630008417490235,1.9861553862661363
950,1.3103084033048629,1.6308231545056324,1.9877683635287926
951,1.3102122055965264,1.6339299036047095,1.9926247637588568
952,1.3081247491055183,1.6317948831345404,1.9912066595350122
953,1.3103695165834282,1.6344071974898284,1.9971650900505946
954,1.3122022507061357,1.6340600327960197,1.9930411920832258
955,1.3150562674961415,1.6359270410616076,1.9956814951839976
956,1.3145408049620193,1.6356558806944288,1.9935321091715545
957,1.312097835645462,1.6388139593821227,1.9925060967895516
958,1.3150629530567552,1.6362440650830932,1.997857119334209
959,1.3167648754855938,1.6366292372539224,1.9943290870826988
960,1.317612787469505,1.6392405066043838,1.9953823088892009
961,1.3184311038440804,1.6410147285544316,1.9968431610370732
962,1.3175045111969859,1.6455425043998546,1.998892052841393
963,1.3159908513383463,1.6436522683233346,1.9991499002600905
964,1.318663200762916,1.64476878156995,2.0022027371342106
965,1.3186627424782467,1.6474849363339201,2.001697886549288
966,1.320287349066595,1.648931872424615,2.0005917577869177
967,1.320212793152896,1.6532150026346153,2.005150827440695
968,1.321427406212051,1.650858723512754,2.002058075268035
969,1.3225417410855116,1.6522051582301756,2.006534649430418
970,1.3226531444476453,1.6481265947325126,2.006748855667079
971,1.320998638088375,1.6471961598824627,2.0085826103613744
972,1.3221639523848752,1.648309479515906,2.0066548012855443
973,1.321767462576207,1.6480845128550579,2.008981039612464
974,1.3206219397535879,1.6511625878968013,2.0103760703471205
975,1.319481810304779,1.652053745610959,2.013423201804779
976,1.3188081730671786,1.6528422289176254,2.009116306390358
977,1.3182468167166583,1.6546939503801172,2.015055996294888
978,1.3194528636040508,1.6601428942428633,2.018539824478248
979,1.319577103108243,1.6573749947004333,2.021037413527398
980,1.3220435012360232,1.6569808058490394,2.0199321627750733
981,1.3222255158836131,1.6555622950714584,2.0248092838124623
982,1.3249398852320478,1.6570429423224124,2.0264188958325415
983,1.324188935150183,1.6577602001469018,2.0269530311188597
984,1.3248410674152509,1.6602051892936986,2.025305659145348
985,1.322827147216883,1.658958604759749,2.0261438771784768
986,1.3234223919754593,1.6620216433229444,2.027420580381322
987,1.323949575380968,1.664896220053818,2.0270295520040165
988,1.3246075027175324,1.663622478720527,2.029738690006785
989,1.3264357288396034,1.663620330782877,2.030836036716603
990,1.3265427384545756,1.6643371240778624,2.032831223322101
991,1.326528450577862,1.6652378021374723,2.0290624421149146
992,1.3268133206321995,1.6665427448721397,2.0304947867247067
993,1.3292834093639796,1.6661787190211474,2.0326417881626426
994,1.3282763979602197,1.6704593968972004,2.0317597332955613
995,1.3283616468616626,1.6703601041589744,2.036610429489831
996,1.3294453273941336,1.6714138105904661,2.0386982591084255
997,1.3285104443502411,1.6688810027529895,2.038955389227759
998,1.3279443489699032,1.6707447640924746,2.039472981631204
999,1.3285289039173251,1.6691751698746287,2.0433982197553187
1000,1.3298733698838252,1.6707630509380489,2.0441760895072165
1001,1.3314362997629852,1.6715511446046023,2.0474537653061957
1002,1.33099884468949,1.6717742143351682,2.047079781286672
1003,1.331208750368299,1.6710747049297756,2.0481641994094604
1004,1.3318519133802893,1.6741682898038492,2.0455358725976986
1005,1.3325034635489394,1.6753753476642887,2.0489734777689828
1006,1.3345659729118289,1.6802250709798994,2.0500814121088227
1007,1.3344375810568212,1.6796328573803812,2.052639082287878
1008,1.339674204730005,1.678969616705789,2.0547821832690616
1009,1.339879347284862,1.6815667879892824,2.054686994013897
1010,1.3388163159083646,1.6822496744978155,2.057826700164044
1011,1.3397733509216423,1.684272392758201,2.0551806101196255
1012,1.341079707162648,1.6819663127494666,2.060331903899546
1013,1.341284393408839,1.6824826931232413,2.059720518595832
1014,1.3415519537797962,1.6849207121616536,2.0622464918888213
1015,1.343888910799039,1.6869156813825223,2.0631975441004906
1016,1.341875801672831,1.68668262979767,2.066637354971113
1017,1.3430632532136833,1.6899100139973746,2.0672745587333625
1018,1.3451038816712402,1.6902349209306968,2.0715470593619196
1019,1.3429812116947828,1.6905183519945965,2.0713117905875666
1020,1.3448742401941132,1.686624747274706,2.072274027665605
1021,1.3456837699707336,1.6873156804391072,2.0728044388573874
1022,1.3452341975102609,1.6892525681319623,2.0738695967293093
1023,1.3469637929051845,1.691011310200829,2.0714922028574208
1024,1.3476813656364213,1.6898901131084583,2.0716735210475687
1025,1.3465716277308302,1.6888694553934829,2.0726364780385214
1026,1.3448007992110105,1.6924558788391169,2.0740493061562004
1027,1.344760421309106,1.6926987518744019,2.0782898106454097
1028,1.3450662670810474,1.6947987148468064,2.079508494672127
1029,1.348253440245848,1.6961782438283526,2.08056602896414
1030,1.3500620102406036,1.6959899737395894,2.084980700139791
1031,1.3519702993542997,1.6974105966494397,2.085833276986497
1032,1.3512156728239693,1.6981126095018817,2.086865662865273
1033,1.3523864703577706,1.697337245736319,2.0895739837522767
1034,1.3531196922838482,1.6995700333938943,2.091184112187327
1035,1.351002200552611,1.699266346320735,2.0890648425942144
1036,1.3550441748043116,1.7035408329997752,2.0913464007156164
1037,1.3533370578952972,1.701568860941678,2.0932121718290846
1038,1.354446330278064,1.7035164124049094,2.0945049782858036
1039,1.3535101496846962,1.7035785503267777,2.0959245439668894
1040,1.3536607775609963,1.7025183462287012,2.095850093213861
1041,1.3558565288543274,1.7020114389454475,2.095035774320296
1042,1.356977325964229,1.7027512467514097,2.0955993619813804
1043,1.3562973549370492,1.7049903264301514,2.097001224244503
1044,1.3581610725911633,1.707798011654138,2.10047682297295
1045,1.3571786191150346,1.705250737368043,2.0975078347960023
1046,1.3565864156164056,1.707622725466108,2.1005819903263405
1047,1.3572554437501103,1.7120777595347467,2.1028504255674267
1048,1.3576805899751485,1.712102907528143,2.104210598510882
1049,1.3546852786470145,1.7127084539607216,2.1074393229018433
1050,1.3582824432681329,1.7132499580531029,2.1086811323624493
1051,1.3563349837195902,1.713721644145911,2.1119392224780418
1052,1.3572796611865392,1.7136391109404538,2.1126345415159475
1053,1.3588424482344537,1.715180597914455,2.1143711140148094
1054,1.36099202168047,1.7154720463322264,2.1170960358425868
1055,1.3623488071740724,1.7158156150629678,2.11729480826137
1056,1.3610344812267345,1.7198241811719144,2.116789042819952
1057,1.359772841842322,1.7213226020072578,2.119023933220487
1058,1.3602068953859392,1.7220785665463663,2.118081372854894
1059,1.3584339169395812,1.7226254088686754,2.1177257982906976
1060,1.359554318332363,1.724005017448713,2.117798658490436
1061,1.359964980459797,1.720217628663982,2.1223044691039137
1062,1.3638075576130397,1.7218516879105565,2.121175468621921
1063,1.3635392053998272,1.7218863025002444,2.1234510937324385
1064,1.3646076314841706,1.7228460429841075,2.1250803903652136
1065,1.364966883731194,1.7205479408304547,2.1256665554655854
1066,1.3656276967216459,1.7225897869845466,2.1262374041565564
1067,1.3646480507080827,1.7231129089080877,2.128964627761815
1068,1.3674088746966309,1.7238962789460535,2.130415817718717
1069,1.366409752382875,1.7246032695518076,2.130758292496459
1070,1.3696443106718945,1.7247126774131742,2.133660801135063
1071,1.3687385369344391,1.7291528379956005,2.1351997465767534
1072,1.370342002960626,1.7316358558059983,2.1361172150541026
1073,1.3712516768252165,1.7320662361182302,2.1386384201814583
1074,1.3683382770171875,1.7325452778650134,2.1384512243113827
1075,1.3709790363277499,1.7314466549974372,2.1367550420062056
1076,1.36978525442455,1.7324893340706642,2.135502970878621
1077,1.3722703045637576,1.7330244201438407,2.1399230379940937
1078,1.3738158337595396,1.7320231924051799,2.1417650334201945
1079,1.3734921596163594,1.735081182179156,2.1400200655390833
1080,1.3723802557052922,1.7337696711691426,2.1461016258283454
1081,1.3746641944076046,1.7320369171036867,2.1485490299173065
1082,1.37237920282532,1.7334214295071493,2.1490918841996627
1083,1.3724834736159484,1.7357049721334272,2.15791753968985
1084,1.370023152283882,1.7374347485075878,2.1554080937328446
1085,1.373932400256644,1.7380844628466066,2.156006618365014
1086,1.3733137702739033,1.7373056184974556,2.153521044794011
1087,1.375120395700304,1.7357273657557704,2.159208313357269
1088,1.372842186994945,1.7388372245568804,2.159296437419965
1089,1.3770201402020839,1.7374081226746267,2.1624362400003516
1090,1.3757650294444046,1.7395342825713436,2.1606195407587174
1091,1.374401521602987,1.7413751919614135,2.1611701470773577
1092,1.3770857958820975,1.7413219722536493,2.1695728203098588
1093,1.3789220886262883,1.7446671931830997,2.1692518389128344
1094,1.3811128978032865,1.748713367486618,2.1697988637284205
1095,1.3814969806926842,1.7521480870669057,2.1692117781946516
1096,1.380668118606569,1.7480652029264736,2.172583174648902
1097,1.3812520607751493,1.750214654502408,2.171744594501459
1098,1.3842062435300888,1.7470662133379324,2.1740370978779366
1099,1.385179895630981,1.7478377586774183,2.174148201628331
1100,1.3859648135019276,1.7510461734744531,2.1817779583106267
1101,1.386708241405442,1.747556337592278,2.1819046591774662
1102,1.389477056968771,1.749247243656338,2.1842078297221956
1103,1.3903788419592067,1.75014933259579,2.1855382296492474
1104,1.3925123472153995,1.7480497820251473,2.1887981473412905
1105,1.3922539175663777,1.7539492435914452,2.1902292707210904
1106,1.3918472240681057,1.7522207241142613,2.192399804118713
1107,1.3936612047919437,1.7536738965003935,2.1895875900538746
1108,1.3945583099325756,1.753910676268083,2.188804274582842
1109,1.3962072023537666,1.7540651914517085,2.1882340176590995
1110,1.3983260075448964,1.7540399618786937,2.193029112523965
1111,1.398562433527926,1.755904900239131,2.1936580464645754
1112,1.3965462488185783,1.758538299240151,2.192823716583675
1113,1.3999873015957887,1.7568770252200174,2.197093643835204
1114,1.39815778431121,1.7580320631898296,2.1927398702851324
1115,1.400689335539794,1.7594715769566938,2.1934882898581454
1116,1.3996541977231327,1.760471312306065,2.190862448433946
1117,1.4008778519063656,1.7622041205706949,2.1984375446680633
1118,1.4018737846053881,1.763077399312197,2.1993407186216754
1119,1.402700129428726,1.7633616239131598,2.2026617143635896
1120,1.4015579797868176,1.764140003703103,2.20257361630652
1121,1.402271298079545,1.7680288492873046,2.2028409586942024
1122,1.401269293121788,1.7673213982694185,2.202355789061141
1123,1.4022507007422942,1.770415668471256,2.208047718007522
1124,1.4035735401018137,1.771361102886933,2.211366488967704
1125,1.4011163635610662,1.7710017466401755,2.2150535664795217
1126,1.4021610193551912,1.774192704230443,2.2141859841451015
1127,1.4062024631570784,1.7753032682348806,2.211259121142413
1128,1.4019335769512122,1.7766741559623578,2.2156468409623717
1129,1.4039327005663136,1.7757060948087937,2.2179044803330497
1130,1.4035795675757643,1.7740310392732814,2.2212207587148853
1131,1.4047317639758177,1.7737025351191549,2.225931486442029
1132,1.4032645899542384,1.7741397241311643,2.2208437838763584
1133,1.4045598233565704,1.7759990288665763,2.2264516412905477
1134,1.4014519710055786,1.7789903893967014,2.223728820767915
1135,1.40133694806905,1.7778743636383554,2.222880376644814
1136,1.4024686758716065,1.7799556707153956,2.226371235401437
1137,1.4044944887656243,1.7815879504860677,2.2270183172665927
1138,1.4070053142409162,1.7822334821897559,2.2289823687133934
1139,1.4093157090022008,1.780626610532116,2.230266667766413
1140,1.4085092808788855,1.7832595990731295,2.2296220300599003
1141,1.409578116065356,1.7858958012549295,2.2365742483067286
1142,1.412740897113637,1.7852168684937282,2.234026991993225
1143,1.409492151126047,1.7865250195805455,2.23329328957541
1144,1.4107095570174693,1.785634763625772,2.2376319012513717
1145,1.4132878874877224,1.7866190718678288,2.2387949549554174
1146,1.4147431555358823,1.7863484259520397,2.2417427996803454
1147,1.4129831333639413,1.7893929115604053,2.2437020993399432
1148,1.4143586309519225,1.7910780571037979,2.2431043481277477
1149,1.4143541201478613,1.793226494602096,2.243717404514414
1150,1.4161289698167236,1.7918908146185908,2.2463228276637053
1151,1.4150092036884745,1.7905575569416954,2.2469527451124547
1152,1.414830655515431,1.791804811131842,2.2522932251967624
1153,1.4163891237514854,1.7925139829702372,2.249075948925046
1154,1.4176811272599847,1.7929840573489675,2.2531993153736827
1155,1.4165945667192172,1.7958995206416923,2.25464307890335
1156,1.417034040653839,1.793763615141039,2.2582911134818557
1157,1.415767734127213,1.7936853816692184,2.260660921741599
1158,1.4180630485950914,1.799281228809432,2.2599530553088796
1159,1.4187042441535498,1.7988959206507387,2.2644675730053327
1160,1.417166381738065,1.7960736779747584,2.2641296076073965
1161,1.4196871202669672,1.7970940065607577,2.26646797788384
1162,1.4213556559430804,1.7984314656571079,2.2698738137783123
1163,1.4182514141429257,1.799429295839173,2.2708127840226524
1164,1.4226158237985427,1.8011352596938024,2.270711545383853
1165,1.421172533579175,1.7992359691857716,2.2709540482911796
1166,1.4229653998465377,1.7998727982884528,2.276390970759973
1167,1.4246036741523413,1.8042280073211616,2.277659799780068
1168,1.4268374975643825,1.8037232685531621,2.2788072369074186
1169,1.4247420383976763,1.8047545827903368,2.2823008175451696
1170,1.42671699168574,1.804796692377699,2.280406636329836
1171,1.4295325900258926,1.8061842033736986,2.2762439827916716
1172,1.429365768849324,1.8076589315337537,2.280837110280652
1173,1.430117496761905,1.8080845720576977,2.2842378389518885
1174,1.4316621315603322,1.8079150104142496,2.2858795573243644
1175,1.4294148747951358,1.8079888025276034,2.2855681460247737
1176,1.428155677601233,1.8134836508143768,2.282450682745942
1177,1.4292863987436393,1.8169026794089205,2.2867436279300586
1178,1.4297231113482831,1.8172265592936554,2.2897691027830374
1179,1.4303241165602325,1.821278630536637,2.2883799559211777
1180,1.431173223408231,1.822936194209758,2.285500311116776
1181,1.4319838046916935,1.8252942675537636,2.2899401355077362
1182,1.4345286129431485,1.8226084609842137,2.2863759547100453
1183,1.4328692900728792,1.8213474984226132,2.2925186831144226
1184,1.4327151500191952,1.8260947692839444,2.2909566356323645
1185,1.4322927924271711,1.8278955713183866,2.302096857086088
1186,1.43461124889338,1.8290131897025728,2.301080692585896
1187,1.434907398302724,1.8301494758126813,2.3004275372553695
1188,1.4365846475067559,1.829003511924634,2.29827415752354
1189,1.4370082410091318,1.830862757170904,2.3031802796087226
1190,1.4354356558889627,1.8303901103157494,2.3013548135840183
1191,1.4370737482074714,1.8318250529290863,2.304192902979059
1192,1.4388478524151909,1.8314164057494127,2.307352364224666
1193,1.4413730989965916,1.8308745455952105,2.3101837383995485
1194,1.4426328241208541,1.8314429382938355,2.313805930062136
1195,1.446076985595603,1.834848456927955,2.314866788874631
1196,1.4444978976209466,1.8330309270932976,2.314380278661401
1197,1.4449352821078527,1.8331229557570778,2.317962340007748
1198,1.4480993809540492,1.8326515234157883,2.316671462852005
1199,1.4501800586488685,1.8329321104100955,2.316218115024797
1200,1.4492684154440185,1.8343183649136914,2.3196805153632774
1201,1.4475241984970937,1.8355944603902614,2.316600228278951
1202,1.4462381375118054,1.8357517667256307,2.3192025666524603
1203,1.4489185513383989,1.837626815881932,2.316916889957528
1204,1.4495338827721012,1.839900209878253,2.3213393560145104
1205,1.4506581110711856,1.8414783038634968,2.322975735483278
1206,1.4518389276049395,1.8469212616486015,2.32614722454803
1207,1.451279981107894,1.8457212920347175,2.325783136699073
1208,1.4503842471794839,1.8486731621486496,2.3291443116842223
1209,1.4530092016718827,1.848894955966492,2.32982442430576
1210,1.453617922816548,1.850076174322245,2.331404489808073
1211,1.4515085799780698,1.8499401619183318,2.330116065992275
1212,1.455128018591125,1.8488886606932962,2.3302204979610095
1213,1.4569533706643238,1.8509938975073248,2.3327629250659814
1214,1.4539622119224003,1.8544420799358452,2.3346400907123663
1215,1.457807500498662,1.8558216288155966,2.3349848756868186
1216,1.4587281038107625,1.8598547306560453,2.336514460119749
1217,1.4573117938589168,1.8580250498838224,2.3360339639427106
1218,1.4581427611570472,1.8595593509153767,2.339447685769989
1219,1.4598629423488092,1.860340501721835,2.3441277863317325
1220,1.460989645204935,1.864559434512842,2.3415239946037425
1221,1.4650433455057623,1.8632424694821337,2.338924697873247
1222,1.466496732176213,1.8615818090548193,2.341460146060141
1223,1.4661592951972713,1.8617313488851956,2.3422557587906097
1224,1.4653190152181719,1.8627776102067006,2.3499772445139158
1225,1.4659996378063358,1.8647284710712693,2.34934736112557
1226,1.4711408832467212,1.8665224713644166,2.35079884581381
1227,1.4688825410126891,1.8631670268928637,2.347596616801133
1228,1.4695674398528786,1.864045031132066,2.357806683913979
1229,1.470081046789932,1.859680489998488,2.358436302108731
1230,1.4737531825290295,1.864583214296422,2.3616391858420323
1231,1.4722815510118055,1.8675933778334106,2.3652039272517467
1232,1.4743565800538514,1.866092992089316,2.3628622147255878
1233,1.4702388012750365,1.8682545453570185,2.3692305121017534
1234,1.4727654253425109,1.8711857202114106,2.3699362366682224
1235,1.4701228029342965,1.8723280544334493,2.3672044420475626
1236,1.4730837173910325,1.8725549624148243,2.37151161544851
1237,1.474737213507011,1.8737287784366807,2.3694983783174863
1238,1.4765586431184379,1.873838258856321,2.3715306109210603
1239,1.4772933619286293,1.8744612759970696,2.373717266945728
1240,1.4770407303462758,1.8767736899749892,2.3729051015083704
1241,1.474651888366023,1.8737624623726044,2.3741594608494627
1242,1.4762213728443743,1.87486186938651,2.374855281894933
1243,1.4754663188799422,1.8765961657863772,2.3728910936964906
1244,1.4792810077447285,1.8788637206032357,2.3726308765695436
1245,1.4777268486941022,1.8813787239049042,2.377680719831961
1246,1.4786890064207179,1.8848254236352315,2.38243481164664
1247,1.4796914798405607,1.8830806519345735,2.3867973457963547
1248,1.479320920194365,1.8901699952238693,2.3870152828355415
1249,1.4798758838086663,1.890999535300096,2.3894816993076082
1250,1.4806615309033673,1.8892026073543624,2.3937248745513497
1251,1.4822464031187477,1.892150890656188,2.3899142822473016
1252,1.481984491196775,1.8925923521566457,2.3910769981878692
1253,1.4847659837036442,1.8929214894675463,2.38784809819333
1254,1.4842957043199372,1.893932560047473,2.39311036754577
1255,1.485056274789068,1.8935336998682477,2.3979096670635496
1256,1.485816388159858,1.8960459319391822,2.3952210482540037
1257,1.4857080565792593,1.900361387816079,2.396295823050327
1258,1.4857947348907987,1.8969766510754384,2.3977170904459593
1259,1.485781889384091,1.8981386603822679,2.3969861206436955
